timestamp,pod,cpu_m,mem_mi
1788202058,gw-nginx-554c75559c-97p9m,0,6
1788202058,s0-7858bb7b56-4c22f,3,106
1788202058,s1-7d66c7d4c5-97jlk,3,110
1788202058,s2-5f46b67bc6-pswkd,3,109
1788202058,s3-79b96b87f7-8n5lq,3,105
1788202063,gw-nginx-554c75559c-97p9m,0,6
1788202063,s0-7858bb7b56-4c22f,3,106
1788202063,s1-7d66c7d4c5-97jlk,3,110
1788202063,s2-5f46b67bc6-pswkd,3,109
1788202063,s3-79b96b87f7-8n5lq,3,105
1788202068,gw-nginx-554c75559c-97p9m,1,6
1788202068,s0-7858bb7b56-4c22f,3,106
1788202068,s1-7d66c7d4c5-97jlk,11,115
1788202068,s2-5f46b67bc6-pswkd,9,113
1788202068,s3-79b96b87f7-8n5lq,8,108
1788202073,gw-nginx-554c75559c-97p9m,1,6
1788202073,s0-7858bb7b56-4c22f,3,106
1788202073,s1-7d66c7d4c5-97jlk,11,115
1788202073,s2-5f46b67bc6-pswkd,9,113
1788202073,s3-79b96b87f7-8n5lq,8,108
1788202078,gw-nginx-554c75559c-97p9m,1,6
1788202078,s0-7858bb7b56-4c22f,3,106
1788202078,s1-7d66c7d4c5-97jlk,11,115
1788202078,s2-5f46b67bc6-pswkd,9,113
1788202078,s3-79b96b87f7-8n5lq,8,108
1788202084,gw-nginx-554c75559c-97p9m,3,6
1788202084,s0-7858bb7b56-4c22f,38,115
1788202084,s1-7d66c7d4c5-97jlk,38,115
1788202084,s2-5f46b67bc6-pswkd,60,114
1788202084,s3-79b96b87f7-8n5lq,23,111
1788202089,gw-nginx-554c75559c-97p9m,3,6
1788202089,s0-7858bb7b56-4c22f,38,115
1788202089,s1-7d66c7d4c5-97jlk,38,115
1788202089,s2-5f46b67bc6-pswkd,60,114
1788202089,s3-79b96b87f7-8n5lq,23,111
1788202094,gw-nginx-554c75559c-97p9m,3,6
1788202094,s0-7858bb7b56-4c22f,38,115
1788202094,s1-7d66c7d4c5-97jlk,38,115
1788202094,s2-5f46b67bc6-pswkd,60,114
1788202094,s3-79b96b87f7-8n5lq,23,111
1788202099,gw-nginx-554c75559c-97p9m,2,7
1788202099,s0-7858bb7b56-4c22f,34,116
1788202099,s1-7d66c7d4c5-97jlk,29,116
1788202099,s2-5f46b67bc6-pswkd,33,114
1788202099,s3-79b96b87f7-8n5lq,17,112
1788202104,gw-nginx-554c75559c-97p9m,2,7
1788202104,s0-7858bb7b56-4c22f,34,116
1788202104,s1-7d66c7d4c5-97jlk,29,116
1788202104,s2-5f46b67bc6-pswkd,33,114
1788202104,s3-79b96b87f7-8n5lq,17,112
1788202109,gw-nginx-554c75559c-97p9m,2,7
1788202109,s0-7858bb7b56-4c22f,34,116
1788202109,s1-7d66c7d4c5-97jlk,29,116
1788202109,s2-5f46b67bc6-pswkd,33,114
1788202109,s3-79b96b87f7-8n5lq,17,112
1788202114,gw-nginx-554c75559c-97p9m,3,7
1788202114,s0-7858bb7b56-4c22f,39,117
1788202114,s1-7d66c7d4c5-97jlk,30,117
1788202114,s2-5f46b67bc6-pswkd,45,114
1788202114,s3-79b96b87f7-8n5lq,18,113
1788202119,gw-nginx-554c75559c-97p9m,3,7
1788202119,s0-7858bb7b56-4c22f,39,117
1788202119,s1-7d66c7d4c5-97jlk,30,117
1788202119,s2-5f46b67bc6-pswkd,45,114
1788202119,s3-79b96b87f7-8n5lq,18,113
1788202124,gw-nginx-554c75559c-97p9m,3,7
1788202124,s0-7858bb7b56-4c22f,39,117
1788202124,s1-7d66c7d4c5-97jlk,30,117
1788202124,s2-5f46b67bc6-pswkd,45,114
1788202124,s3-79b96b87f7-8n5lq,18,113
1788202129,gw-nginx-554c75559c-97p9m,3,7
1788202129,s0-7858bb7b56-4c22f,38,118
1788202129,s1-7d66c7d4c5-97jlk,33,118
1788202129,s2-5f46b67bc6-pswkd,66,115
1788202129,s3-79b96b87f7-8n5lq,17,113
1788202134,gw-nginx-554c75559c-97p9m,3,7
1788202134,s0-7858bb7b56-4c22f,38,118
1788202134,s1-7d66c7d4c5-97jlk,33,118
1788202134,s2-5f46b67bc6-pswkd,66,115
1788202134,s3-79b96b87f7-8n5lq,17,113
1788202139,gw-nginx-554c75559c-97p9m,3,7
1788202139,s0-7858bb7b56-4c22f,38,118
1788202139,s1-7d66c7d4c5-97jlk,33,118
1788202139,s2-5f46b67bc6-pswkd,66,115
1788202139,s3-79b96b87f7-8n5lq,17,113
1788202144,gw-nginx-554c75559c-97p9m,3,7
1788202144,s0-7858bb7b56-4c22f,39,119
1788202144,s1-7d66c7d4c5-97jlk,33,118
1788202144,s2-5f46b67bc6-pswkd,57,115
1788202144,s3-79b96b87f7-8n5lq,19,114
1788202149,gw-nginx-554c75559c-97p9m,3,7
1788202149,s0-7858bb7b56-4c22f,39,119
1788202149,s1-7d66c7d4c5-97jlk,33,118
1788202149,s2-5f46b67bc6-pswkd,57,115
1788202149,s3-79b96b87f7-8n5lq,19,114
1788202154,gw-nginx-554c75559c-97p9m,3,7
1788202154,s0-7858bb7b56-4c22f,39,119
1788202154,s1-7d66c7d4c5-97jlk,33,118
1788202154,s2-5f46b67bc6-pswkd,57,115
1788202154,s3-79b96b87f7-8n5lq,19,114
1788202159,gw-nginx-554c75559c-97p9m,3,7
1788202159,s0-7858bb7b56-4c22f,41,120
1788202159,s1-7d66c7d4c5-97jlk,33,120
1788202159,s2-5f46b67bc6-pswkd,44,115
1788202159,s3-79b96b87f7-8n5lq,19,115
1788202164,gw-nginx-554c75559c-97p9m,3,7
1788202164,s0-7858bb7b56-4c22f,41,120
1788202164,s1-7d66c7d4c5-97jlk,33,120
1788202164,s2-5f46b67bc6-pswkd,44,115
1788202164,s3-79b96b87f7-8n5lq,19,115
1788202169,gw-nginx-554c75559c-97p9m,3,7
1788202169,s0-7858bb7b56-4c22f,41,120
1788202169,s1-7d66c7d4c5-97jlk,33,120
1788202169,s2-5f46b67bc6-pswkd,44,115
1788202169,s3-79b96b87f7-8n5lq,19,115
1788202174,gw-nginx-554c75559c-97p9m,3,7
1788202174,s0-7858bb7b56-4c22f,39,121
1788202174,s1-7d66c7d4c5-97jlk,31,120
1788202174,s2-5f46b67bc6-pswkd,39,115
1788202174,s3-79b96b87f7-8n5lq,17,116
1788202179,gw-nginx-554c75559c-97p9m,3,7
1788202179,s0-7858bb7b56-4c22f,39,121
1788202179,s1-7d66c7d4c5-97jlk,31,120
1788202179,s2-5f46b67bc6-pswkd,39,115
1788202179,s3-79b96b87f7-8n5lq,17,116
1788202184,gw-nginx-554c75559c-97p9m,3,7
1788202184,s0-7858bb7b56-4c22f,39,121
1788202184,s1-7d66c7d4c5-97jlk,31,120
1788202184,s2-5f46b67bc6-pswkd,39,115
1788202184,s3-79b96b87f7-8n5lq,17,116
1788202189,gw-nginx-554c75559c-97p9m,3,7
1788202189,s0-7858bb7b56-4c22f,33,121
1788202189,s1-7d66c7d4c5-97jlk,30,121
1788202189,s2-5f46b67bc6-pswkd,51,116
1788202189,s3-79b96b87f7-8n5lq,19,116
1788202194,gw-nginx-554c75559c-97p9m,3,7
1788202194,s0-7858bb7b56-4c22f,33,121
1788202194,s1-7d66c7d4c5-97jlk,30,121
1788202194,s2-5f46b67bc6-pswkd,51,116
1788202194,s3-79b96b87f7-8n5lq,19,116
1788202200,gw-nginx-554c75559c-97p9m,3,7
1788202200,s0-7858bb7b56-4c22f,33,121
1788202200,s1-7d66c7d4c5-97jlk,30,121
1788202200,s2-5f46b67bc6-pswkd,51,116
1788202200,s3-79b96b87f7-8n5lq,19,116
1788202205,gw-nginx-554c75559c-97p9m,3,7
1788202205,s0-7858bb7b56-4c22f,33,121
1788202205,s1-7d66c7d4c5-97jlk,33,121
1788202205,s2-5f46b67bc6-pswkd,41,116
1788202205,s3-79b96b87f7-8n5lq,17,117
1788202210,gw-nginx-554c75559c-97p9m,3,7
1788202210,s0-7858bb7b56-4c22f,33,121
1788202210,s1-7d66c7d4c5-97jlk,33,121
1788202210,s2-5f46b67bc6-pswkd,41,116
1788202210,s3-79b96b87f7-8n5lq,17,117
1788202215,gw-nginx-554c75559c-97p9m,3,7
1788202215,s0-7858bb7b56-4c22f,33,121
1788202215,s1-7d66c7d4c5-97jlk,33,121
1788202215,s2-5f46b67bc6-pswkd,41,116
1788202215,s3-79b96b87f7-8n5lq,17,117
1788202220,gw-nginx-554c75559c-97p9m,2,7
1788202220,s0-7858bb7b56-4c22f,40,122
1788202220,s1-7d66c7d4c5-97jlk,33,121
1788202220,s2-5f46b67bc6-pswkd,75,117
1788202220,s3-79b96b87f7-8n5lq,17,117
1788202225,gw-nginx-554c75559c-97p9m,2,7
1788202225,s0-7858bb7b56-4c22f,40,122
1788202225,s1-7d66c7d4c5-97jlk,33,121
1788202225,s2-5f46b67bc6-pswkd,75,117
1788202225,s3-79b96b87f7-8n5lq,17,117
1788202230,gw-nginx-554c75559c-97p9m,2,7
1788202230,s0-7858bb7b56-4c22f,40,122
1788202230,s1-7d66c7d4c5-97jlk,33,121
1788202230,s2-5f46b67bc6-pswkd,75,117
1788202230,s3-79b96b87f7-8n5lq,17,117
1788202235,gw-nginx-554c75559c-97p9m,2,7
1788202235,s0-7858bb7b56-4c22f,33,122
1788202235,s1-7d66c7d4c5-97jlk,26,121
1788202235,s2-5f46b67bc6-pswkd,61,117
1788202235,s3-79b96b87f7-8n5lq,16,118
1788202240,gw-nginx-554c75559c-97p9m,2,7
1788202240,s0-7858bb7b56-4c22f,33,122
1788202240,s1-7d66c7d4c5-97jlk,26,121
1788202240,s2-5f46b67bc6-pswkd,61,117
1788202240,s3-79b96b87f7-8n5lq,16,118
1788202245,gw-nginx-554c75559c-97p9m,2,7
1788202245,s0-7858bb7b56-4c22f,33,122
1788202245,s1-7d66c7d4c5-97jlk,26,121
1788202245,s2-5f46b67bc6-pswkd,61,117
1788202245,s3-79b96b87f7-8n5lq,16,118
1788202250,gw-nginx-554c75559c-97p9m,3,7
1788202250,s0-7858bb7b56-4c22f,38,122
1788202250,s1-7d66c7d4c5-97jlk,35,122
1788202250,s2-5f46b67bc6-pswkd,42,117
1788202250,s3-79b96b87f7-8n5lq,17,117
1788202255,gw-nginx-554c75559c-97p9m,3,7
1788202255,s0-7858bb7b56-4c22f,38,122
1788202255,s1-7d66c7d4c5-97jlk,35,122
1788202255,s2-5f46b67bc6-pswkd,42,117
1788202255,s3-79b96b87f7-8n5lq,17,117
1788202260,gw-nginx-554c75559c-97p9m,3,7
1788202260,s0-7858bb7b56-4c22f,38,122
1788202260,s1-7d66c7d4c5-97jlk,35,122
1788202260,s2-5f46b67bc6-pswkd,42,117
1788202260,s3-79b96b87f7-8n5lq,17,117
1788202265,gw-nginx-554c75559c-97p9m,2,7
1788202265,s0-7858bb7b56-4c22f,34,122
1788202265,s1-7d66c7d4c5-97jlk,27,122
1788202265,s2-5f46b67bc6-pswkd,38,117
1788202265,s3-79b96b87f7-8n5lq,17,117
1788202270,gw-nginx-554c75559c-97p9m,2,7
1788202270,s0-7858bb7b56-4c22f,34,122
1788202270,s1-7d66c7d4c5-97jlk,27,122
1788202270,s2-5f46b67bc6-pswkd,38,117
1788202270,s3-79b96b87f7-8n5lq,17,117
1788202275,gw-nginx-554c75559c-97p9m,2,7
1788202275,s0-7858bb7b56-4c22f,34,122
1788202275,s1-7d66c7d4c5-97jlk,27,122
1788202275,s2-5f46b67bc6-pswkd,38,117
1788202275,s3-79b96b87f7-8n5lq,17,117
1788202280,gw-nginx-554c75559c-97p9m,2,7
1788202280,s0-7858bb7b56-4c22f,38,122
1788202280,s1-7d66c7d4c5-97jlk,31,123
1788202280,s2-5f46b67bc6-pswkd,41,117
1788202280,s3-79b96b87f7-8n5lq,17,118
1788202285,gw-nginx-554c75559c-97p9m,2,7
1788202285,s0-7858bb7b56-4c22f,38,122
1788202285,s1-7d66c7d4c5-97jlk,31,123
1788202285,s2-5f46b67bc6-pswkd,41,117
1788202285,s3-79b96b87f7-8n5lq,17,118
1788202290,gw-nginx-554c75559c-97p9m,2,7
1788202290,s0-7858bb7b56-4c22f,38,122
1788202290,s1-7d66c7d4c5-97jlk,31,123
1788202290,s2-5f46b67bc6-pswkd,41,117
1788202290,s3-79b96b87f7-8n5lq,17,118
1788202295,gw-nginx-554c75559c-97p9m,3,7
1788202295,s0-7858bb7b56-4c22f,35,123
1788202295,s1-7d66c7d4c5-97jlk,26,122
1788202295,s2-5f46b67bc6-pswkd,35,117
1788202295,s3-79b96b87f7-8n5lq,17,118
1788202300,gw-nginx-554c75559c-97p9m,3,7
1788202300,s0-7858bb7b56-4c22f,35,123
1788202300,s1-7d66c7d4c5-97jlk,26,122
1788202300,s2-5f46b67bc6-pswkd,35,117
1788202300,s3-79b96b87f7-8n5lq,17,118
1788202305,gw-nginx-554c75559c-97p9m,3,7
1788202305,s0-7858bb7b56-4c22f,35,123
1788202305,s1-7d66c7d4c5-97jlk,26,122
1788202305,s2-5f46b67bc6-pswkd,35,117
1788202305,s3-79b96b87f7-8n5lq,17,118
1788202310,gw-nginx-554c75559c-97p9m,2,7
1788202310,s0-7858bb7b56-4c22f,35,124
1788202310,s1-7d66c7d4c5-97jlk,31,123
1788202310,s2-5f46b67bc6-pswkd,44,117
1788202310,s3-79b96b87f7-8n5lq,17,118
1788202315,gw-nginx-554c75559c-97p9m,2,7
1788202315,s0-7858bb7b56-4c22f,35,124
1788202315,s1-7d66c7d4c5-97jlk,31,123
1788202315,s2-5f46b67bc6-pswkd,44,117
1788202315,s3-79b96b87f7-8n5lq,17,118
1788202320,gw-nginx-554c75559c-97p9m,2,7
1788202320,s0-7858bb7b56-4c22f,35,124
1788202320,s1-7d66c7d4c5-97jlk,31,123
1788202320,s2-5f46b67bc6-pswkd,44,117
1788202320,s3-79b96b87f7-8n5lq,17,118
1788202326,gw-nginx-554c75559c-97p9m,3,7
1788202326,s0-7858bb7b56-4c22f,35,124
1788202326,s1-7d66c7d4c5-97jlk,27,124
1788202326,s2-5f46b67bc6-pswkd,39,117
1788202326,s3-79b96b87f7-8n5lq,15,119
1788202331,gw-nginx-554c75559c-97p9m,3,7
1788202331,s0-7858bb7b56-4c22f,35,124
1788202331,s1-7d66c7d4c5-97jlk,27,124
1788202331,s2-5f46b67bc6-pswkd,39,117
1788202331,s3-79b96b87f7-8n5lq,15,119
1788202336,gw-nginx-554c75559c-97p9m,3,7
1788202336,s0-7858bb7b56-4c22f,35,124
1788202336,s1-7d66c7d4c5-97jlk,27,124
1788202336,s2-5f46b67bc6-pswkd,39,117
1788202336,s3-79b96b87f7-8n5lq,15,119
1788202341,gw-nginx-554c75559c-97p9m,2,7
1788202341,s0-7858bb7b56-4c22f,39,124
1788202341,s1-7d66c7d4c5-97jlk,30,123
1788202341,s2-5f46b67bc6-pswkd,52,117
1788202341,s3-79b96b87f7-8n5lq,16,119
1788202346,gw-nginx-554c75559c-97p9m,2,7
1788202346,s0-7858bb7b56-4c22f,39,124
1788202346,s1-7d66c7d4c5-97jlk,30,123
1788202346,s2-5f46b67bc6-pswkd,52,117
1788202346,s3-79b96b87f7-8n5lq,16,119
1788202351,gw-nginx-554c75559c-97p9m,2,7
1788202351,s0-7858bb7b56-4c22f,39,124
1788202351,s1-7d66c7d4c5-97jlk,30,123
1788202351,s2-5f46b67bc6-pswkd,52,117
1788202351,s3-79b96b87f7-8n5lq,16,119
1788202356,gw-nginx-554c75559c-97p9m,3,6
1788202356,s0-7858bb7b56-4c22f,40,125
1788202356,s1-7d66c7d4c5-97jlk,38,124
1788202356,s2-5f46b67bc6-pswkd,42,117
1788202356,s3-79b96b87f7-8n5lq,21,120
1788202361,gw-nginx-554c75559c-97p9m,3,6
1788202361,s0-7858bb7b56-4c22f,40,125
1788202361,s1-7d66c7d4c5-97jlk,38,124
1788202361,s2-5f46b67bc6-pswkd,42,117
1788202361,s3-79b96b87f7-8n5lq,21,120
1788202366,gw-nginx-554c75559c-97p9m,3,6
1788202366,s0-7858bb7b56-4c22f,40,125
1788202366,s1-7d66c7d4c5-97jlk,38,124
1788202366,s2-5f46b67bc6-pswkd,42,117
1788202366,s3-79b96b87f7-8n5lq,21,120
1788202371,gw-nginx-554c75559c-97p9m,3,7
1788202371,s0-7858bb7b56-4c22f,38,125
1788202371,s1-7d66c7d4c5-97jlk,32,124
1788202371,s2-5f46b67bc6-pswkd,42,117
1788202371,s3-79b96b87f7-8n5lq,16,120
1788202376,gw-nginx-554c75559c-97p9m,3,7
1788202376,s0-7858bb7b56-4c22f,38,125
1788202376,s1-7d66c7d4c5-97jlk,32,124
1788202376,s2-5f46b67bc6-pswkd,42,117
1788202376,s3-79b96b87f7-8n5lq,16,120
1788202381,gw-nginx-554c75559c-97p9m,3,7
1788202381,s0-7858bb7b56-4c22f,38,125
1788202381,s1-7d66c7d4c5-97jlk,32,124
1788202381,s2-5f46b67bc6-pswkd,42,117
1788202381,s3-79b96b87f7-8n5lq,16,120
1788202386,gw-nginx-554c75559c-97p9m,2,7
1788202386,s0-7858bb7b56-4c22f,37,125
1788202386,s1-7d66c7d4c5-97jlk,28,124
1788202386,s2-5f46b67bc6-pswkd,52,117
1788202386,s3-79b96b87f7-8n5lq,15,120
1788202391,gw-nginx-554c75559c-97p9m,2,7
1788202391,s0-7858bb7b56-4c22f,37,125
1788202391,s1-7d66c7d4c5-97jlk,28,124
1788202391,s2-5f46b67bc6-pswkd,52,117
1788202391,s3-79b96b87f7-8n5lq,15,120
1788202396,gw-nginx-554c75559c-97p9m,2,7
1788202396,s0-7858bb7b56-4c22f,37,125
1788202396,s1-7d66c7d4c5-97jlk,28,124
1788202396,s2-5f46b67bc6-pswkd,52,117
1788202396,s3-79b96b87f7-8n5lq,15,120
1788202401,gw-nginx-554c75559c-97p9m,3,7
1788202401,s0-7858bb7b56-4c22f,36,125
1788202401,s1-7d66c7d4c5-97jlk,32,124
1788202401,s2-5f46b67bc6-pswkd,42,117
1788202401,s3-79b96b87f7-8n5lq,19,120
1788202406,gw-nginx-554c75559c-97p9m,3,7
1788202406,s0-7858bb7b56-4c22f,36,125
1788202406,s1-7d66c7d4c5-97jlk,32,124
1788202406,s2-5f46b67bc6-pswkd,42,117
1788202406,s3-79b96b87f7-8n5lq,19,120
1788202411,gw-nginx-554c75559c-97p9m,3,7
1788202411,s0-7858bb7b56-4c22f,36,125
1788202411,s1-7d66c7d4c5-97jlk,32,124
1788202411,s2-5f46b67bc6-pswkd,42,117
1788202411,s3-79b96b87f7-8n5lq,19,120
1788202416,gw-nginx-554c75559c-97p9m,3,7
1788202416,s0-7858bb7b56-4c22f,46,125
1788202416,s1-7d66c7d4c5-97jlk,32,124
1788202416,s2-5f46b67bc6-pswkd,102,117
1788202416,s3-79b96b87f7-8n5lq,21,120
1788202421,gw-nginx-554c75559c-97p9m,3,7
1788202421,s0-7858bb7b56-4c22f,46,125
1788202421,s1-7d66c7d4c5-97jlk,32,124
1788202421,s2-5f46b67bc6-pswkd,102,117
1788202421,s3-79b96b87f7-8n5lq,21,120
1788202426,gw-nginx-554c75559c-97p9m,3,7
1788202426,s0-7858bb7b56-4c22f,46,125
1788202426,s1-7d66c7d4c5-97jlk,32,124
1788202426,s2-5f46b67bc6-pswkd,102,117
1788202426,s3-79b96b87f7-8n5lq,21,120
1788202431,gw-nginx-554c75559c-97p9m,3,7
1788202431,s0-7858bb7b56-4c22f,46,125
1788202431,s1-7d66c7d4c5-97jlk,40,125
1788202431,s2-5f46b67bc6-pswkd,56,118
1788202431,s3-79b96b87f7-8n5lq,20,120
1788202436,gw-nginx-554c75559c-97p9m,3,7
1788202436,s0-7858bb7b56-4c22f,46,125
1788202436,s1-7d66c7d4c5-97jlk,40,125
1788202436,s2-5f46b67bc6-pswkd,56,118
1788202436,s3-79b96b87f7-8n5lq,20,120
1788202442,gw-nginx-554c75559c-97p9m,3,7
1788202442,s0-7858bb7b56-4c22f,46,125
1788202442,s1-7d66c7d4c5-97jlk,40,125
1788202442,s2-5f46b67bc6-pswkd,56,118
1788202442,s3-79b96b87f7-8n5lq,20,120
1788202447,gw-nginx-554c75559c-97p9m,3,7
1788202447,s0-7858bb7b56-4c22f,43,126
1788202447,s1-7d66c7d4c5-97jlk,34,126
1788202447,s2-5f46b67bc6-pswkd,72,117
1788202447,s3-79b96b87f7-8n5lq,20,121
1788202452,gw-nginx-554c75559c-97p9m,3,7
1788202452,s0-7858bb7b56-4c22f,43,126
1788202452,s1-7d66c7d4c5-97jlk,34,126
1788202452,s2-5f46b67bc6-pswkd,72,117
1788202452,s3-79b96b87f7-8n5lq,20,121
1788202457,gw-nginx-554c75559c-97p9m,3,7
1788202457,s0-7858bb7b56-4c22f,43,126
1788202457,s1-7d66c7d4c5-97jlk,34,126
1788202457,s2-5f46b67bc6-pswkd,72,117
1788202457,s3-79b96b87f7-8n5lq,20,121
1788202462,gw-nginx-554c75559c-97p9m,3,7
1788202462,s0-7858bb7b56-4c22f,43,126
1788202462,s1-7d66c7d4c5-97jlk,34,126
1788202462,s2-5f46b67bc6-pswkd,54,118
1788202462,s3-79b96b87f7-8n5lq,19,120
1788202467,gw-nginx-554c75559c-97p9m,3,7
1788202467,s0-7858bb7b56-4c22f,43,126
1788202467,s1-7d66c7d4c5-97jlk,34,126
1788202467,s2-5f46b67bc6-pswkd,54,118
1788202467,s3-79b96b87f7-8n5lq,19,120
1788202472,gw-nginx-554c75559c-97p9m,3,7
1788202472,s0-7858bb7b56-4c22f,43,126
1788202472,s1-7d66c7d4c5-97jlk,34,126
1788202472,s2-5f46b67bc6-pswkd,54,118
1788202472,s3-79b96b87f7-8n5lq,19,120
1788202477,gw-nginx-554c75559c-97p9m,3,7
1788202477,s0-7858bb7b56-4c22f,45,126
1788202477,s1-7d66c7d4c5-97jlk,34,126
1788202477,s2-5f46b67bc6-pswkd,53,117
1788202477,s3-79b96b87f7-8n5lq,19,121
1788202482,gw-nginx-554c75559c-97p9m,3,7
1788202482,s0-7858bb7b56-4c22f,45,126
1788202482,s1-7d66c7d4c5-97jlk,34,126
1788202482,s2-5f46b67bc6-pswkd,53,117
1788202482,s3-79b96b87f7-8n5lq,19,121
1788202487,gw-nginx-554c75559c-97p9m,3,7
1788202487,s0-7858bb7b56-4c22f,45,126
1788202487,s1-7d66c7d4c5-97jlk,34,126
1788202487,s2-5f46b67bc6-pswkd,53,117
1788202487,s3-79b96b87f7-8n5lq,19,121
1788202492,gw-nginx-554c75559c-97p9m,3,7
1788202492,s0-7858bb7b56-4c22f,40,126
1788202492,s1-7d66c7d4c5-97jlk,33,125
1788202492,s2-5f46b67bc6-pswkd,44,118
1788202492,s3-79b96b87f7-8n5lq,19,121
1788202497,gw-nginx-554c75559c-97p9m,3,7
1788202497,s0-7858bb7b56-4c22f,40,126
1788202497,s1-7d66c7d4c5-97jlk,33,125
1788202497,s2-5f46b67bc6-pswkd,44,118
1788202497,s3-79b96b87f7-8n5lq,19,121
1788202502,gw-nginx-554c75559c-97p9m,3,7
1788202502,s0-7858bb7b56-4c22f,40,126
1788202502,s1-7d66c7d4c5-97jlk,33,125
1788202502,s2-5f46b67bc6-pswkd,44,118
1788202502,s3-79b96b87f7-8n5lq,19,121
1788202507,gw-nginx-554c75559c-97p9m,3,7
1788202507,s0-7858bb7b56-4c22f,46,126
1788202507,s1-7d66c7d4c5-97jlk,35,126
1788202507,s2-5f46b67bc6-pswkd,50,118
1788202507,s3-79b96b87f7-8n5lq,19,121
1788202512,gw-nginx-554c75559c-97p9m,3,7
1788202512,s0-7858bb7b56-4c22f,46,126
1788202512,s1-7d66c7d4c5-97jlk,35,126
1788202512,s2-5f46b67bc6-pswkd,50,118
1788202512,s3-79b96b87f7-8n5lq,19,121
1788202517,gw-nginx-554c75559c-97p9m,3,7
1788202517,s0-7858bb7b56-4c22f,46,126
1788202517,s1-7d66c7d4c5-97jlk,35,126
1788202517,s2-5f46b67bc6-pswkd,50,118
1788202517,s3-79b96b87f7-8n5lq,19,121
1788202522,gw-nginx-554c75559c-97p9m,3,7
1788202522,s0-7858bb7b56-4c22f,44,128
1788202522,s1-7d66c7d4c5-97jlk,38,126
1788202522,s2-5f46b67bc6-pswkd,49,118
1788202522,s3-79b96b87f7-8n5lq,22,122
1788202527,gw-nginx-554c75559c-97p9m,3,7
1788202527,s0-7858bb7b56-4c22f,44,128
1788202527,s1-7d66c7d4c5-97jlk,38,126
1788202527,s2-5f46b67bc6-pswkd,49,118
1788202527,s3-79b96b87f7-8n5lq,22,122
1788202532,gw-nginx-554c75559c-97p9m,3,7
1788202532,s0-7858bb7b56-4c22f,44,128
1788202532,s1-7d66c7d4c5-97jlk,38,126
1788202532,s2-5f46b67bc6-pswkd,49,118
1788202532,s3-79b96b87f7-8n5lq,22,122
1788202537,gw-nginx-554c75559c-97p9m,3,7
1788202537,s0-7858bb7b56-4c22f,44,128
1788202537,s1-7d66c7d4c5-97jlk,38,125
1788202537,s2-5f46b67bc6-pswkd,49,118
1788202537,s3-79b96b87f7-8n5lq,22,122
1788202542,gw-nginx-554c75559c-97p9m,3,7
1788202542,s0-7858bb7b56-4c22f,44,128
1788202542,s1-7d66c7d4c5-97jlk,38,125
1788202542,s2-5f46b67bc6-pswkd,49,118
1788202542,s3-79b96b87f7-8n5lq,22,122
1788202547,gw-nginx-554c75559c-97p9m,3,7
1788202547,s0-7858bb7b56-4c22f,44,128
1788202547,s1-7d66c7d4c5-97jlk,38,125
1788202547,s2-5f46b67bc6-pswkd,49,118
1788202547,s3-79b96b87f7-8n5lq,22,122
1788202552,gw-nginx-554c75559c-97p9m,3,7
1788202552,s0-7858bb7b56-4c22f,49,127
1788202552,s1-7d66c7d4c5-97jlk,37,126
1788202552,s2-5f46b67bc6-pswkd,107,118
1788202552,s3-79b96b87f7-8n5lq,18,122
1788202558,gw-nginx-554c75559c-97p9m,3,7
1788202558,s0-7858bb7b56-4c22f,49,127
1788202558,s1-7d66c7d4c5-97jlk,37,126
1788202558,s2-5f46b67bc6-pswkd,107,118
1788202558,s3-79b96b87f7-8n5lq,18,122
1788202563,gw-nginx-554c75559c-97p9m,3,7
1788202563,s0-7858bb7b56-4c22f,49,127
1788202563,s1-7d66c7d4c5-97jlk,37,126
1788202563,s2-5f46b67bc6-pswkd,107,118
1788202563,s3-79b96b87f7-8n5lq,18,122
1788202568,gw-nginx-554c75559c-97p9m,3,7
1788202568,s0-7858bb7b56-4c22f,38,127
1788202568,s1-7d66c7d4c5-97jlk,33,127
1788202568,s2-5f46b67bc6-pswkd,45,118
1788202568,s3-79b96b87f7-8n5lq,18,122
1788202573,gw-nginx-554c75559c-97p9m,3,7
1788202573,s0-7858bb7b56-4c22f,38,127
1788202573,s1-7d66c7d4c5-97jlk,33,127
1788202573,s2-5f46b67bc6-pswkd,45,118
1788202573,s3-79b96b87f7-8n5lq,18,122
1788202578,gw-nginx-554c75559c-97p9m,3,7
1788202578,s0-7858bb7b56-4c22f,38,127
1788202578,s1-7d66c7d4c5-97jlk,33,127
1788202578,s2-5f46b67bc6-pswkd,45,118
1788202578,s3-79b96b87f7-8n5lq,18,122
1788202583,gw-nginx-554c75559c-97p9m,3,7
1788202583,s0-7858bb7b56-4c22f,41,128
1788202583,s1-7d66c7d4c5-97jlk,34,126
1788202583,s2-5f46b67bc6-pswkd,69,118
1788202583,s3-79b96b87f7-8n5lq,19,122
1788202588,gw-nginx-554c75559c-97p9m,3,7
1788202588,s0-7858bb7b56-4c22f,41,128
1788202588,s1-7d66c7d4c5-97jlk,34,126
1788202588,s2-5f46b67bc6-pswkd,69,118
1788202588,s3-79b96b87f7-8n5lq,19,122
1788202593,gw-nginx-554c75559c-97p9m,3,7
1788202593,s0-7858bb7b56-4c22f,41,128
1788202593,s1-7d66c7d4c5-97jlk,34,126
1788202593,s2-5f46b67bc6-pswkd,69,118
1788202593,s3-79b96b87f7-8n5lq,19,122
1788202598,gw-nginx-554c75559c-97p9m,3,7
1788202598,s0-7858bb7b56-4c22f,46,128
1788202598,s1-7d66c7d4c5-97jlk,37,127
1788202598,s2-5f46b67bc6-pswkd,46,118
1788202598,s3-79b96b87f7-8n5lq,21,123
1788202603,gw-nginx-554c75559c-97p9m,3,7
1788202603,s0-7858bb7b56-4c22f,46,128
1788202603,s1-7d66c7d4c5-97jlk,37,127
1788202603,s2-5f46b67bc6-pswkd,46,118
1788202603,s3-79b96b87f7-8n5lq,21,123
1788202608,gw-nginx-554c75559c-97p9m,3,7
1788202608,s0-7858bb7b56-4c22f,39,128
1788202608,s1-7d66c7d4c5-97jlk,33,127
1788202608,s2-5f46b67bc6-pswkd,49,117
1788202608,s3-79b96b87f7-8n5lq,19,122
1788202613,gw-nginx-554c75559c-97p9m,3,7
1788202613,s0-7858bb7b56-4c22f,39,128
1788202613,s1-7d66c7d4c5-97jlk,33,127
1788202613,s2-5f46b67bc6-pswkd,49,117
1788202613,s3-79b96b87f7-8n5lq,19,122
1788202618,gw-nginx-554c75559c-97p9m,3,7
1788202618,s0-7858bb7b56-4c22f,39,128
1788202618,s1-7d66c7d4c5-97jlk,33,127
1788202618,s2-5f46b67bc6-pswkd,49,117
1788202618,s3-79b96b87f7-8n5lq,19,122
1788202623,gw-nginx-554c75559c-97p9m,3,7
1788202623,s0-7858bb7b56-4c22f,35,128
1788202623,s1-7d66c7d4c5-97jlk,29,127
1788202623,s2-5f46b67bc6-pswkd,72,118
1788202623,s3-79b96b87f7-8n5lq,17,123
1788202628,gw-nginx-554c75559c-97p9m,3,7
1788202628,s0-7858bb7b56-4c22f,35,128
1788202628,s1-7d66c7d4c5-97jlk,29,127
1788202628,s2-5f46b67bc6-pswkd,72,118
1788202628,s3-79b96b87f7-8n5lq,17,123
1788202633,gw-nginx-554c75559c-97p9m,3,7
1788202633,s0-7858bb7b56-4c22f,35,128
1788202633,s1-7d66c7d4c5-97jlk,29,127
1788202633,s2-5f46b67bc6-pswkd,72,118
1788202633,s3-79b96b87f7-8n5lq,17,123
1788202638,gw-nginx-554c75559c-97p9m,2,7
1788202638,s0-7858bb7b56-4c22f,35,128
1788202638,s1-7d66c7d4c5-97jlk,27,128
1788202638,s2-5f46b67bc6-pswkd,47,118
1788202638,s3-79b96b87f7-8n5lq,19,123
1788202643,gw-nginx-554c75559c-97p9m,2,7
1788202643,s0-7858bb7b56-4c22f,35,128
1788202643,s1-7d66c7d4c5-97jlk,27,128
1788202643,s2-5f46b67bc6-pswkd,47,118
1788202643,s3-79b96b87f7-8n5lq,19,123
1788202648,gw-nginx-554c75559c-97p9m,2,7
1788202648,s0-7858bb7b56-4c22f,35,128
1788202648,s1-7d66c7d4c5-97jlk,27,128
1788202648,s2-5f46b67bc6-pswkd,47,118
1788202648,s3-79b96b87f7-8n5lq,19,123
1788202653,gw-nginx-554c75559c-97p9m,3,7
1788202653,s0-7858bb7b56-4c22f,40,128
1788202653,s1-7d66c7d4c5-97jlk,35,127
1788202653,s2-5f46b67bc6-pswkd,62,118
1788202653,s3-79b96b87f7-8n5lq,19,123
1788202658,gw-nginx-554c75559c-97p9m,3,7
1788202658,s0-7858bb7b56-4c22f,40,128
1788202658,s1-7d66c7d4c5-97jlk,35,127
1788202658,s2-5f46b67bc6-pswkd,62,118
1788202658,s3-79b96b87f7-8n5lq,19,123
1788202663,gw-nginx-554c75559c-97p9m,3,7
1788202663,s0-7858bb7b56-4c22f,40,128
1788202663,s1-7d66c7d4c5-97jlk,35,127
1788202663,s2-5f46b67bc6-pswkd,62,118
1788202663,s3-79b96b87f7-8n5lq,19,123
1788202669,gw-nginx-554c75559c-97p9m,3,7
1788202669,s0-7858bb7b56-4c22f,41,128
1788202669,s1-7d66c7d4c5-97jlk,33,128
1788202669,s2-5f46b67bc6-pswkd,46,118
1788202669,s3-79b96b87f7-8n5lq,19,123
1788202674,gw-nginx-554c75559c-97p9m,3,7
1788202674,s0-7858bb7b56-4c22f,41,128
1788202674,s1-7d66c7d4c5-97jlk,33,128
1788202674,s2-5f46b67bc6-pswkd,46,118
1788202674,s3-79b96b87f7-8n5lq,19,123
1788202679,gw-nginx-554c75559c-97p9m,3,7
1788202679,s0-7858bb7b56-4c22f,41,128
1788202679,s1-7d66c7d4c5-97jlk,33,128
1788202679,s2-5f46b67bc6-pswkd,46,118
1788202679,s3-79b96b87f7-8n5lq,19,123
1788202684,gw-nginx-554c75559c-97p9m,2,7
1788202684,s0-7858bb7b56-4c22f,31,128
1788202684,s1-7d66c7d4c5-97jlk,24,127
1788202684,s2-5f46b67bc6-pswkd,31,118
1788202684,s3-79b96b87f7-8n5lq,15,123
1788202689,gw-nginx-554c75559c-97p9m,2,7
1788202689,s0-7858bb7b56-4c22f,31,128
1788202689,s1-7d66c7d4c5-97jlk,24,127
1788202689,s2-5f46b67bc6-pswkd,31,118
1788202689,s3-79b96b87f7-8n5lq,15,123
1788202694,gw-nginx-554c75559c-97p9m,2,7
1788202694,s0-7858bb7b56-4c22f,31,128
1788202694,s1-7d66c7d4c5-97jlk,24,127
1788202694,s2-5f46b67bc6-pswkd,31,118
1788202694,s3-79b96b87f7-8n5lq,15,123
1788202699,gw-nginx-554c75559c-97p9m,3,7
1788202699,s0-7858bb7b56-4c22f,34,128
1788202699,s1-7d66c7d4c5-97jlk,31,128
1788202699,s2-5f46b67bc6-pswkd,33,118
1788202699,s3-79b96b87f7-8n5lq,18,123
1788202704,gw-nginx-554c75559c-97p9m,3,7
1788202704,s0-7858bb7b56-4c22f,34,128
1788202704,s1-7d66c7d4c5-97jlk,31,128
1788202704,s2-5f46b67bc6-pswkd,33,118
1788202704,s3-79b96b87f7-8n5lq,18,123
1788202709,gw-nginx-554c75559c-97p9m,3,7
1788202709,s0-7858bb7b56-4c22f,34,128
1788202709,s1-7d66c7d4c5-97jlk,31,128
1788202709,s2-5f46b67bc6-pswkd,33,118
1788202709,s3-79b96b87f7-8n5lq,18,123
1788202714,gw-nginx-554c75559c-97p9m,3,7
1788202714,s0-7858bb7b56-4c22f,37,128
1788202714,s1-7d66c7d4c5-97jlk,30,128
1788202714,s2-5f46b67bc6-pswkd,44,117
1788202714,s3-79b96b87f7-8n5lq,17,124
1788202719,gw-nginx-554c75559c-97p9m,3,7
1788202719,s0-7858bb7b56-4c22f,37,128
1788202719,s1-7d66c7d4c5-97jlk,30,128
1788202719,s2-5f46b67bc6-pswkd,44,117
1788202719,s3-79b96b87f7-8n5lq,17,124
1788202724,gw-nginx-554c75559c-97p9m,3,7
1788202724,s0-7858bb7b56-4c22f,37,128
1788202724,s1-7d66c7d4c5-97jlk,30,128
1788202724,s2-5f46b67bc6-pswkd,44,117
1788202724,s3-79b96b87f7-8n5lq,17,124
1788202729,gw-nginx-554c75559c-97p9m,3,7
1788202729,s0-7858bb7b56-4c22f,44,128
1788202729,s1-7d66c7d4c5-97jlk,34,128
1788202729,s2-5f46b67bc6-pswkd,40,118
1788202729,s3-79b96b87f7-8n5lq,20,124
1788202734,gw-nginx-554c75559c-97p9m,3,7
1788202734,s0-7858bb7b56-4c22f,44,128
1788202734,s1-7d66c7d4c5-97jlk,34,128
1788202734,s2-5f46b67bc6-pswkd,40,118
1788202734,s3-79b96b87f7-8n5lq,20,124
1788202739,gw-nginx-554c75559c-97p9m,3,7
1788202739,s0-7858bb7b56-4c22f,44,128
1788202739,s1-7d66c7d4c5-97jlk,34,128
1788202739,s2-5f46b67bc6-pswkd,40,118
1788202739,s3-79b96b87f7-8n5lq,20,124
1788202744,gw-nginx-554c75559c-97p9m,3,6
1788202744,s0-7858bb7b56-4c22f,39,128
1788202744,s1-7d66c7d4c5-97jlk,32,129
1788202744,s2-5f46b67bc6-pswkd,74,118
1788202744,s3-79b96b87f7-8n5lq,19,124
1788202749,gw-nginx-554c75559c-97p9m,3,6
1788202749,s0-7858bb7b56-4c22f,39,128
1788202749,s1-7d66c7d4c5-97jlk,32,129
1788202749,s2-5f46b67bc6-pswkd,74,118
1788202749,s3-79b96b87f7-8n5lq,19,124
1788202754,gw-nginx-554c75559c-97p9m,3,6
1788202754,s0-7858bb7b56-4c22f,39,128
1788202754,s1-7d66c7d4c5-97jlk,32,129
1788202754,s2-5f46b67bc6-pswkd,74,118
1788202754,s3-79b96b87f7-8n5lq,19,124
1788202759,gw-nginx-554c75559c-97p9m,3,7
1788202759,s0-7858bb7b56-4c22f,40,129
1788202759,s1-7d66c7d4c5-97jlk,38,129
1788202759,s2-5f46b67bc6-pswkd,74,118
1788202759,s3-79b96b87f7-8n5lq,18,124
1788202764,gw-nginx-554c75559c-97p9m,3,7
1788202764,s0-7858bb7b56-4c22f,40,129
1788202764,s1-7d66c7d4c5-97jlk,38,129
1788202764,s2-5f46b67bc6-pswkd,74,118
1788202764,s3-79b96b87f7-8n5lq,18,124
1788202769,gw-nginx-554c75559c-97p9m,3,7
1788202769,s0-7858bb7b56-4c22f,40,129
1788202769,s1-7d66c7d4c5-97jlk,38,129
1788202769,s2-5f46b67bc6-pswkd,74,118
1788202769,s3-79b96b87f7-8n5lq,18,124
1788202774,gw-nginx-554c75559c-97p9m,3,7
1788202774,s0-7858bb7b56-4c22f,42,130
1788202774,s1-7d66c7d4c5-97jlk,33,129
1788202774,s2-5f46b67bc6-pswkd,51,118
1788202774,s3-79b96b87f7-8n5lq,18,124
1788202779,gw-nginx-554c75559c-97p9m,3,7
1788202779,s0-7858bb7b56-4c22f,42,130
1788202779,s1-7d66c7d4c5-97jlk,33,129
1788202779,s2-5f46b67bc6-pswkd,51,118
1788202779,s3-79b96b87f7-8n5lq,18,124
1788202784,gw-nginx-554c75559c-97p9m,3,7
1788202784,s0-7858bb7b56-4c22f,42,130
1788202784,s1-7d66c7d4c5-97jlk,33,129
1788202784,s2-5f46b67bc6-pswkd,51,118
1788202784,s3-79b96b87f7-8n5lq,18,124
1788202790,gw-nginx-554c75559c-97p9m,3,7
1788202790,s0-7858bb7b56-4c22f,41,130
1788202790,s1-7d66c7d4c5-97jlk,34,129
1788202790,s2-5f46b67bc6-pswkd,45,118
1788202790,s3-79b96b87f7-8n5lq,20,124
1788202795,gw-nginx-554c75559c-97p9m,3,7
1788202795,s0-7858bb7b56-4c22f,41,130
1788202795,s1-7d66c7d4c5-97jlk,34,129
1788202795,s2-5f46b67bc6-pswkd,45,118
1788202795,s3-79b96b87f7-8n5lq,20,124
1788202800,gw-nginx-554c75559c-97p9m,3,7
1788202800,s0-7858bb7b56-4c22f,41,130
1788202800,s1-7d66c7d4c5-97jlk,34,129
1788202800,s2-5f46b67bc6-pswkd,45,118
1788202800,s3-79b96b87f7-8n5lq,20,124
1788202805,gw-nginx-554c75559c-97p9m,3,7
1788202805,s0-7858bb7b56-4c22f,39,130
1788202805,s1-7d66c7d4c5-97jlk,30,129
1788202805,s2-5f46b67bc6-pswkd,41,118
1788202805,s3-79b96b87f7-8n5lq,18,124
1788202810,gw-nginx-554c75559c-97p9m,3,7
1788202810,s0-7858bb7b56-4c22f,39,130
1788202810,s1-7d66c7d4c5-97jlk,30,129
1788202810,s2-5f46b67bc6-pswkd,41,118
1788202810,s3-79b96b87f7-8n5lq,18,124
1788202815,gw-nginx-554c75559c-97p9m,3,7
1788202815,s0-7858bb7b56-4c22f,39,130
1788202815,s1-7d66c7d4c5-97jlk,30,129
1788202815,s2-5f46b67bc6-pswkd,41,118
1788202815,s3-79b96b87f7-8n5lq,18,124
1788202820,gw-nginx-554c75559c-97p9m,3,7
1788202820,s0-7858bb7b56-4c22f,40,129
1788202820,s1-7d66c7d4c5-97jlk,35,129
1788202820,s2-5f46b67bc6-pswkd,50,118
1788202820,s3-79b96b87f7-8n5lq,19,126
1788202825,gw-nginx-554c75559c-97p9m,3,7
1788202825,s0-7858bb7b56-4c22f,40,129
1788202825,s1-7d66c7d4c5-97jlk,35,129
1788202825,s2-5f46b67bc6-pswkd,50,118
1788202825,s3-79b96b87f7-8n5lq,19,126
1788202830,gw-nginx-554c75559c-97p9m,3,7
1788202830,s0-7858bb7b56-4c22f,40,129
1788202830,s1-7d66c7d4c5-97jlk,35,129
1788202830,s2-5f46b67bc6-pswkd,50,118
1788202830,s3-79b96b87f7-8n5lq,19,126
1788202835,gw-nginx-554c75559c-97p9m,3,6
1788202835,s0-7858bb7b56-4c22f,42,129
1788202835,s1-7d66c7d4c5-97jlk,35,129
1788202835,s2-5f46b67bc6-pswkd,43,118
1788202835,s3-79b96b87f7-8n5lq,18,125
1788202840,gw-nginx-554c75559c-97p9m,3,6
1788202840,s0-7858bb7b56-4c22f,42,129
1788202840,s1-7d66c7d4c5-97jlk,35,129
1788202840,s2-5f46b67bc6-pswkd,43,118
1788202840,s3-79b96b87f7-8n5lq,18,125
1788202845,gw-nginx-554c75559c-97p9m,3,6
1788202845,s0-7858bb7b56-4c22f,42,129
1788202845,s1-7d66c7d4c5-97jlk,35,129
1788202845,s2-5f46b67bc6-pswkd,43,118
1788202845,s3-79b96b87f7-8n5lq,18,125
1788202850,gw-nginx-554c75559c-97p9m,3,7
1788202850,s0-7858bb7b56-4c22f,46,130
1788202850,s1-7d66c7d4c5-97jlk,33,129
1788202850,s2-5f46b67bc6-pswkd,44,118
1788202850,s3-79b96b87f7-8n5lq,18,125
1788202855,gw-nginx-554c75559c-97p9m,3,7
1788202855,s0-7858bb7b56-4c22f,46,130
1788202855,s1-7d66c7d4c5-97jlk,33,129
1788202855,s2-5f46b67bc6-pswkd,44,118
1788202855,s3-79b96b87f7-8n5lq,18,125
1788202860,gw-nginx-554c75559c-97p9m,3,7
1788202860,s0-7858bb7b56-4c22f,46,130
1788202860,s1-7d66c7d4c5-97jlk,33,129
1788202860,s2-5f46b67bc6-pswkd,44,118
1788202860,s3-79b96b87f7-8n5lq,18,125
1788202865,gw-nginx-554c75559c-97p9m,3,6
1788202865,s0-7858bb7b56-4c22f,34,129
1788202865,s1-7d66c7d4c5-97jlk,28,130
1788202865,s2-5f46b67bc6-pswkd,37,118
1788202865,s3-79b96b87f7-8n5lq,19,126
1788202870,gw-nginx-554c75559c-97p9m,3,6
1788202870,s0-7858bb7b56-4c22f,34,129
1788202870,s1-7d66c7d4c5-97jlk,28,130
1788202870,s2-5f46b67bc6-pswkd,37,118
1788202870,s3-79b96b87f7-8n5lq,19,126
1788202875,gw-nginx-554c75559c-97p9m,3,6
1788202875,s0-7858bb7b56-4c22f,34,129
1788202875,s1-7d66c7d4c5-97jlk,28,130
1788202875,s2-5f46b67bc6-pswkd,37,118
1788202875,s3-79b96b87f7-8n5lq,19,126
1788202880,gw-nginx-554c75559c-97p9m,3,7
1788202880,s0-7858bb7b56-4c22f,42,130
1788202880,s1-7d66c7d4c5-97jlk,32,130
1788202880,s2-5f46b67bc6-pswkd,44,118
1788202880,s3-79b96b87f7-8n5lq,18,125
1788202885,gw-nginx-554c75559c-97p9m,3,7
1788202885,s0-7858bb7b56-4c22f,42,130
1788202885,s1-7d66c7d4c5-97jlk,32,130
1788202885,s2-5f46b67bc6-pswkd,44,118
1788202885,s3-79b96b87f7-8n5lq,18,125
1788202890,gw-nginx-554c75559c-97p9m,3,7
1788202890,s0-7858bb7b56-4c22f,42,130
1788202890,s1-7d66c7d4c5-97jlk,32,130
1788202890,s2-5f46b67bc6-pswkd,44,118
1788202890,s3-79b96b87f7-8n5lq,18,125
1788202895,gw-nginx-554c75559c-97p9m,3,7
1788202895,s0-7858bb7b56-4c22f,37,130
1788202895,s1-7d66c7d4c5-97jlk,31,130
1788202895,s2-5f46b67bc6-pswkd,50,118
1788202895,s3-79b96b87f7-8n5lq,19,126
1788202900,gw-nginx-554c75559c-97p9m,3,7
1788202900,s0-7858bb7b56-4c22f,37,130
1788202900,s1-7d66c7d4c5-97jlk,31,130
1788202900,s2-5f46b67bc6-pswkd,50,118
1788202900,s3-79b96b87f7-8n5lq,19,126
1788202906,gw-nginx-554c75559c-97p9m,3,7
1788202906,s0-7858bb7b56-4c22f,37,130
1788202906,s1-7d66c7d4c5-97jlk,31,130
1788202906,s2-5f46b67bc6-pswkd,50,118
1788202906,s3-79b96b87f7-8n5lq,19,126
1788202911,gw-nginx-554c75559c-97p9m,3,7
1788202911,s0-7858bb7b56-4c22f,41,131
1788202911,s1-7d66c7d4c5-97jlk,33,131
1788202911,s2-5f46b67bc6-pswkd,43,118
1788202911,s3-79b96b87f7-8n5lq,18,125
1788202916,gw-nginx-554c75559c-97p9m,3,7
1788202916,s0-7858bb7b56-4c22f,41,131
1788202916,s1-7d66c7d4c5-97jlk,33,131
1788202916,s2-5f46b67bc6-pswkd,43,118
1788202916,s3-79b96b87f7-8n5lq,18,125
1788202921,gw-nginx-554c75559c-97p9m,3,7
1788202921,s0-7858bb7b56-4c22f,41,131
1788202921,s1-7d66c7d4c5-97jlk,33,131
1788202921,s2-5f46b67bc6-pswkd,43,118
1788202921,s3-79b96b87f7-8n5lq,18,125
1788202926,gw-nginx-554c75559c-97p9m,3,7
1788202926,s0-7858bb7b56-4c22f,33,131
1788202926,s1-7d66c7d4c5-97jlk,25,130
1788202926,s2-5f46b67bc6-pswkd,33,118
1788202926,s3-79b96b87f7-8n5lq,18,125
1788202931,gw-nginx-554c75559c-97p9m,3,7
1788202931,s0-7858bb7b56-4c22f,33,131
1788202931,s1-7d66c7d4c5-97jlk,25,130
1788202931,s2-5f46b67bc6-pswkd,33,118
1788202931,s3-79b96b87f7-8n5lq,18,125
1788202936,gw-nginx-554c75559c-97p9m,3,7
1788202936,s0-7858bb7b56-4c22f,33,131
1788202936,s1-7d66c7d4c5-97jlk,25,130
1788202936,s2-5f46b67bc6-pswkd,33,118
1788202936,s3-79b96b87f7-8n5lq,18,125
1788202941,gw-nginx-554c75559c-97p9m,2,7
1788202941,s0-7858bb7b56-4c22f,37,130
1788202941,s1-7d66c7d4c5-97jlk,28,130
1788202941,s2-5f46b67bc6-pswkd,43,118
1788202941,s3-79b96b87f7-8n5lq,16,125
1788202946,gw-nginx-554c75559c-97p9m,2,7
1788202946,s0-7858bb7b56-4c22f,37,130
1788202946,s1-7d66c7d4c5-97jlk,28,130
1788202946,s2-5f46b67bc6-pswkd,43,118
1788202946,s3-79b96b87f7-8n5lq,16,125
1788202951,gw-nginx-554c75559c-97p9m,2,7
1788202951,s0-7858bb7b56-4c22f,37,130
1788202951,s1-7d66c7d4c5-97jlk,28,130
1788202951,s2-5f46b67bc6-pswkd,43,118
1788202951,s3-79b96b87f7-8n5lq,16,125
1788202956,gw-nginx-554c75559c-97p9m,3,7
1788202956,s0-7858bb7b56-4c22f,35,131
1788202956,s1-7d66c7d4c5-97jlk,37,131
1788202956,s2-5f46b67bc6-pswkd,37,118
1788202956,s3-79b96b87f7-8n5lq,17,126
1788202961,gw-nginx-554c75559c-97p9m,3,7
1788202961,s0-7858bb7b56-4c22f,35,131
1788202961,s1-7d66c7d4c5-97jlk,37,131
1788202961,s2-5f46b67bc6-pswkd,37,118
1788202961,s3-79b96b87f7-8n5lq,17,126
1788202966,gw-nginx-554c75559c-97p9m,3,7
1788202966,s0-7858bb7b56-4c22f,35,131
1788202966,s1-7d66c7d4c5-97jlk,37,131
1788202966,s2-5f46b67bc6-pswkd,37,118
1788202966,s3-79b96b87f7-8n5lq,17,126
1788202971,gw-nginx-554c75559c-97p9m,3,8
1788202971,s0-7858bb7b56-4c22f,41,131
1788202971,s1-7d66c7d4c5-97jlk,27,131
1788202971,s2-5f46b67bc6-pswkd,46,118
1788202971,s3-79b96b87f7-8n5lq,19,126
1788202976,gw-nginx-554c75559c-97p9m,3,8
1788202976,s0-7858bb7b56-4c22f,41,131
1788202976,s1-7d66c7d4c5-97jlk,27,131
1788202976,s2-5f46b67bc6-pswkd,46,118
1788202976,s3-79b96b87f7-8n5lq,19,126
1788202981,gw-nginx-554c75559c-97p9m,3,8
1788202981,s0-7858bb7b56-4c22f,41,131
1788202981,s1-7d66c7d4c5-97jlk,27,131
1788202981,s2-5f46b67bc6-pswkd,46,118
1788202981,s3-79b96b87f7-8n5lq,19,126
1788202986,gw-nginx-554c75559c-97p9m,2,7
1788202986,s0-7858bb7b56-4c22f,34,131
1788202986,s1-7d66c7d4c5-97jlk,36,131
1788202986,s2-5f46b67bc6-pswkd,46,118
1788202986,s3-79b96b87f7-8n5lq,17,126
1788202991,gw-nginx-554c75559c-97p9m,2,7
1788202991,s0-7858bb7b56-4c22f,34,131
1788202991,s1-7d66c7d4c5-97jlk,36,131
1788202991,s2-5f46b67bc6-pswkd,46,118
1788202991,s3-79b96b87f7-8n5lq,17,126
1788202996,gw-nginx-554c75559c-97p9m,2,7
1788202996,s0-7858bb7b56-4c22f,34,131
1788202996,s1-7d66c7d4c5-97jlk,36,131
1788202996,s2-5f46b67bc6-pswkd,46,118
1788202996,s3-79b96b87f7-8n5lq,17,126
1788203001,gw-nginx-554c75559c-97p9m,3,7
1788203001,s0-7858bb7b56-4c22f,34,131
1788203001,s1-7d66c7d4c5-97jlk,32,131
1788203001,s2-5f46b67bc6-pswkd,56,119
1788203001,s3-79b96b87f7-8n5lq,17,126
1788203006,gw-nginx-554c75559c-97p9m,3,7
1788203006,s0-7858bb7b56-4c22f,34,131
1788203006,s1-7d66c7d4c5-97jlk,32,131
1788203006,s2-5f46b67bc6-pswkd,56,119
1788203006,s3-79b96b87f7-8n5lq,17,126
1788203011,gw-nginx-554c75559c-97p9m,3,7
1788203011,s0-7858bb7b56-4c22f,34,131
1788203011,s1-7d66c7d4c5-97jlk,32,131
1788203011,s2-5f46b67bc6-pswkd,56,119
1788203011,s3-79b96b87f7-8n5lq,17,126
1788203016,gw-nginx-554c75559c-97p9m,3,7
1788203016,s0-7858bb7b56-4c22f,42,131
1788203016,s1-7d66c7d4c5-97jlk,33,131
1788203016,s2-5f46b67bc6-pswkd,56,119
1788203016,s3-79b96b87f7-8n5lq,20,127
1788203022,gw-nginx-554c75559c-97p9m,3,7
1788203022,s0-7858bb7b56-4c22f,42,131
1788203022,s1-7d66c7d4c5-97jlk,33,131
1788203022,s2-5f46b67bc6-pswkd,56,119
1788203022,s3-79b96b87f7-8n5lq,20,127
1788203027,gw-nginx-554c75559c-97p9m,3,7
1788203027,s0-7858bb7b56-4c22f,42,131
1788203027,s1-7d66c7d4c5-97jlk,33,131
1788203027,s2-5f46b67bc6-pswkd,56,119
1788203027,s3-79b96b87f7-8n5lq,20,127
1788203032,gw-nginx-554c75559c-97p9m,3,8
1788203032,s0-7858bb7b56-4c22f,48,132
1788203032,s1-7d66c7d4c5-97jlk,40,131
1788203032,s2-5f46b67bc6-pswkd,53,118
1788203032,s3-79b96b87f7-8n5lq,23,127
1788203037,gw-nginx-554c75559c-97p9m,3,8
1788203037,s0-7858bb7b56-4c22f,48,132
1788203037,s1-7d66c7d4c5-97jlk,40,131
1788203037,s2-5f46b67bc6-pswkd,53,118
1788203037,s3-79b96b87f7-8n5lq,23,127
1788203042,gw-nginx-554c75559c-97p9m,3,8
1788203042,s0-7858bb7b56-4c22f,48,132
1788203042,s1-7d66c7d4c5-97jlk,40,131
1788203042,s2-5f46b67bc6-pswkd,53,118
1788203042,s3-79b96b87f7-8n5lq,23,127
1788203047,gw-nginx-554c75559c-97p9m,3,7
1788203047,s0-7858bb7b56-4c22f,48,132
1788203047,s1-7d66c7d4c5-97jlk,40,131
1788203047,s2-5f46b67bc6-pswkd,53,118
1788203047,s3-79b96b87f7-8n5lq,21,127
1788203052,gw-nginx-554c75559c-97p9m,3,7
1788203052,s0-7858bb7b56-4c22f,48,132
1788203052,s1-7d66c7d4c5-97jlk,40,131
1788203052,s2-5f46b67bc6-pswkd,53,118
1788203052,s3-79b96b87f7-8n5lq,21,127
1788203057,gw-nginx-554c75559c-97p9m,3,7
1788203057,s0-7858bb7b56-4c22f,48,132
1788203057,s1-7d66c7d4c5-97jlk,40,131
1788203057,s2-5f46b67bc6-pswkd,53,118
1788203057,s3-79b96b87f7-8n5lq,21,127
1788203062,gw-nginx-554c75559c-97p9m,3,7
1788203062,s0-7858bb7b56-4c22f,43,133
1788203062,s1-7d66c7d4c5-97jlk,33,131
1788203062,s2-5f46b67bc6-pswkd,50,119
1788203062,s3-79b96b87f7-8n5lq,19,127
1788203067,gw-nginx-554c75559c-97p9m,3,7
1788203067,s0-7858bb7b56-4c22f,43,133
1788203067,s1-7d66c7d4c5-97jlk,33,131
1788203067,s2-5f46b67bc6-pswkd,50,119
1788203067,s3-79b96b87f7-8n5lq,19,127
1788203072,gw-nginx-554c75559c-97p9m,3,7
1788203072,s0-7858bb7b56-4c22f,43,133
1788203072,s1-7d66c7d4c5-97jlk,33,131
1788203072,s2-5f46b67bc6-pswkd,50,119
1788203072,s3-79b96b87f7-8n5lq,19,127
1788203077,gw-nginx-554c75559c-97p9m,3,6
1788203077,s0-7858bb7b56-4c22f,42,132
1788203077,s1-7d66c7d4c5-97jlk,35,132
1788203077,s2-5f46b67bc6-pswkd,45,119
1788203077,s3-79b96b87f7-8n5lq,20,127
1788203082,gw-nginx-554c75559c-97p9m,3,6
1788203082,s0-7858bb7b56-4c22f,42,132
1788203082,s1-7d66c7d4c5-97jlk,35,132
1788203082,s2-5f46b67bc6-pswkd,45,119
1788203082,s3-79b96b87f7-8n5lq,20,127
1788203087,gw-nginx-554c75559c-97p9m,3,6
1788203087,s0-7858bb7b56-4c22f,42,132
1788203087,s1-7d66c7d4c5-97jlk,35,132
1788203087,s2-5f46b67bc6-pswkd,45,119
1788203087,s3-79b96b87f7-8n5lq,20,127
1788203092,gw-nginx-554c75559c-97p9m,3,7
1788203092,s0-7858bb7b56-4c22f,41,133
1788203092,s1-7d66c7d4c5-97jlk,32,133
1788203092,s2-5f46b67bc6-pswkd,48,118
1788203092,s3-79b96b87f7-8n5lq,19,127
1788203097,gw-nginx-554c75559c-97p9m,3,7
1788203097,s0-7858bb7b56-4c22f,41,133
1788203097,s1-7d66c7d4c5-97jlk,32,133
1788203097,s2-5f46b67bc6-pswkd,48,118
1788203097,s3-79b96b87f7-8n5lq,19,127
1788203102,gw-nginx-554c75559c-97p9m,3,7
1788203102,s0-7858bb7b56-4c22f,41,133
1788203102,s1-7d66c7d4c5-97jlk,32,133
1788203102,s2-5f46b67bc6-pswkd,48,118
1788203102,s3-79b96b87f7-8n5lq,19,127
1788203107,gw-nginx-554c75559c-97p9m,3,7
1788203107,s0-7858bb7b56-4c22f,41,133
1788203107,s1-7d66c7d4c5-97jlk,30,132
1788203107,s2-5f46b67bc6-pswkd,62,118
1788203107,s3-79b96b87f7-8n5lq,18,127
1788203112,gw-nginx-554c75559c-97p9m,3,7
1788203112,s0-7858bb7b56-4c22f,41,133
1788203112,s1-7d66c7d4c5-97jlk,30,132
1788203112,s2-5f46b67bc6-pswkd,62,118
1788203112,s3-79b96b87f7-8n5lq,18,127
1788203117,gw-nginx-554c75559c-97p9m,3,7
1788203117,s0-7858bb7b56-4c22f,41,133
1788203117,s1-7d66c7d4c5-97jlk,30,132
1788203117,s2-5f46b67bc6-pswkd,62,118
1788203117,s3-79b96b87f7-8n5lq,18,127
1788203122,gw-nginx-554c75559c-97p9m,3,8
1788203122,s0-7858bb7b56-4c22f,41,132
1788203122,s1-7d66c7d4c5-97jlk,35,132
1788203122,s2-5f46b67bc6-pswkd,38,119
1788203122,s3-79b96b87f7-8n5lq,20,127
1788203127,gw-nginx-554c75559c-97p9m,3,8
1788203127,s0-7858bb7b56-4c22f,41,132
1788203127,s1-7d66c7d4c5-97jlk,35,132
1788203127,s2-5f46b67bc6-pswkd,38,119
1788203127,s3-79b96b87f7-8n5lq,20,127
1788203132,gw-nginx-554c75559c-97p9m,3,8
1788203132,s0-7858bb7b56-4c22f,41,132
1788203132,s1-7d66c7d4c5-97jlk,35,132
1788203132,s2-5f46b67bc6-pswkd,38,119
1788203132,s3-79b96b87f7-8n5lq,20,127
1788203138,gw-nginx-554c75559c-97p9m,3,7
1788203138,s0-7858bb7b56-4c22f,41,132
1788203138,s1-7d66c7d4c5-97jlk,34,133
1788203138,s2-5f46b67bc6-pswkd,49,118
1788203138,s3-79b96b87f7-8n5lq,19,128
1788203143,gw-nginx-554c75559c-97p9m,3,7
1788203143,s0-7858bb7b56-4c22f,41,132
1788203143,s1-7d66c7d4c5-97jlk,34,133
1788203143,s2-5f46b67bc6-pswkd,49,118
1788203143,s3-79b96b87f7-8n5lq,19,128
1788203148,gw-nginx-554c75559c-97p9m,3,7
1788203148,s0-7858bb7b56-4c22f,41,132
1788203148,s1-7d66c7d4c5-97jlk,34,133
1788203148,s2-5f46b67bc6-pswkd,49,118
1788203148,s3-79b96b87f7-8n5lq,19,128
1788203153,gw-nginx-554c75559c-97p9m,3,7
1788203153,s0-7858bb7b56-4c22f,45,134
1788203153,s1-7d66c7d4c5-97jlk,35,133
1788203153,s2-5f46b67bc6-pswkd,73,118
1788203153,s3-79b96b87f7-8n5lq,20,128
1788203158,gw-nginx-554c75559c-97p9m,3,7
1788203158,s0-7858bb7b56-4c22f,45,134
1788203158,s1-7d66c7d4c5-97jlk,35,133
1788203158,s2-5f46b67bc6-pswkd,73,118
1788203158,s3-79b96b87f7-8n5lq,20,128
1788203163,gw-nginx-554c75559c-97p9m,3,7
1788203163,s0-7858bb7b56-4c22f,45,134
1788203163,s1-7d66c7d4c5-97jlk,35,133
1788203163,s2-5f46b67bc6-pswkd,73,118
1788203163,s3-79b96b87f7-8n5lq,20,128
1788203168,gw-nginx-554c75559c-97p9m,3,7
1788203168,s0-7858bb7b56-4c22f,39,133
1788203168,s1-7d66c7d4c5-97jlk,32,133
1788203168,s2-5f46b67bc6-pswkd,48,118
1788203168,s3-79b96b87f7-8n5lq,18,128
1788203173,gw-nginx-554c75559c-97p9m,3,7
1788203173,s0-7858bb7b56-4c22f,39,133
1788203173,s1-7d66c7d4c5-97jlk,32,133
1788203173,s2-5f46b67bc6-pswkd,48,118
1788203173,s3-79b96b87f7-8n5lq,18,128
1788203178,gw-nginx-554c75559c-97p9m,3,7
1788203178,s0-7858bb7b56-4c22f,39,133
1788203178,s1-7d66c7d4c5-97jlk,32,133
1788203178,s2-5f46b67bc6-pswkd,48,118
1788203178,s3-79b96b87f7-8n5lq,18,128
1788203183,gw-nginx-554c75559c-97p9m,3,7
1788203183,s0-7858bb7b56-4c22f,42,133
1788203183,s1-7d66c7d4c5-97jlk,29,132
1788203183,s2-5f46b67bc6-pswkd,47,119
1788203183,s3-79b96b87f7-8n5lq,16,128
1788203188,gw-nginx-554c75559c-97p9m,3,7
1788203188,s0-7858bb7b56-4c22f,42,133
1788203188,s1-7d66c7d4c5-97jlk,29,132
1788203188,s2-5f46b67bc6-pswkd,47,119
1788203188,s3-79b96b87f7-8n5lq,16,128
1788203193,gw-nginx-554c75559c-97p9m,3,7
1788203193,s0-7858bb7b56-4c22f,42,133
1788203193,s1-7d66c7d4c5-97jlk,29,132
1788203193,s2-5f46b67bc6-pswkd,47,119
1788203193,s3-79b96b87f7-8n5lq,16,128
1788203198,gw-nginx-554c75559c-97p9m,3,7
1788203198,s0-7858bb7b56-4c22f,42,133
1788203198,s1-7d66c7d4c5-97jlk,35,134
1788203198,s2-5f46b67bc6-pswkd,48,118
1788203198,s3-79b96b87f7-8n5lq,20,129
1788203203,gw-nginx-554c75559c-97p9m,3,7
1788203203,s0-7858bb7b56-4c22f,42,133
1788203203,s1-7d66c7d4c5-97jlk,35,134
1788203203,s2-5f46b67bc6-pswkd,48,118
1788203203,s3-79b96b87f7-8n5lq,20,129
1788203208,gw-nginx-554c75559c-97p9m,3,7
1788203208,s0-7858bb7b56-4c22f,43,134
1788203208,s1-7d66c7d4c5-97jlk,38,133
1788203208,s2-5f46b67bc6-pswkd,63,118
1788203208,s3-79b96b87f7-8n5lq,21,129
1788203213,gw-nginx-554c75559c-97p9m,3,7
1788203213,s0-7858bb7b56-4c22f,43,134
1788203213,s1-7d66c7d4c5-97jlk,38,133
1788203213,s2-5f46b67bc6-pswkd,63,118
1788203213,s3-79b96b87f7-8n5lq,21,129
1788203218,gw-nginx-554c75559c-97p9m,3,7
1788203218,s0-7858bb7b56-4c22f,43,134
1788203218,s1-7d66c7d4c5-97jlk,38,133
1788203218,s2-5f46b67bc6-pswkd,63,118
1788203218,s3-79b96b87f7-8n5lq,21,129
1788203223,gw-nginx-554c75559c-97p9m,3,7
1788203223,s0-7858bb7b56-4c22f,38,134
1788203223,s1-7d66c7d4c5-97jlk,31,133
1788203223,s2-5f46b67bc6-pswkd,36,118
1788203223,s3-79b96b87f7-8n5lq,17,129
1788203228,gw-nginx-554c75559c-97p9m,3,7
1788203228,s0-7858bb7b56-4c22f,38,134
1788203228,s1-7d66c7d4c5-97jlk,31,133
1788203228,s2-5f46b67bc6-pswkd,36,118
1788203228,s3-79b96b87f7-8n5lq,17,129
1788203233,gw-nginx-554c75559c-97p9m,3,7
1788203233,s0-7858bb7b56-4c22f,38,134
1788203233,s1-7d66c7d4c5-97jlk,31,133
1788203233,s2-5f46b67bc6-pswkd,36,118
1788203233,s3-79b96b87f7-8n5lq,17,129
1788203238,gw-nginx-554c75559c-97p9m,2,7
1788203238,s0-7858bb7b56-4c22f,30,134
1788203238,s1-7d66c7d4c5-97jlk,26,133
1788203238,s2-5f46b67bc6-pswkd,36,118
1788203238,s3-79b96b87f7-8n5lq,15,129
1788203243,gw-nginx-554c75559c-97p9m,2,7
1788203243,s0-7858bb7b56-4c22f,30,134
1788203243,s1-7d66c7d4c5-97jlk,26,133
1788203243,s2-5f46b67bc6-pswkd,36,118
1788203243,s3-79b96b87f7-8n5lq,15,129
1788203248,gw-nginx-554c75559c-97p9m,2,7
1788203248,s0-7858bb7b56-4c22f,30,134
1788203248,s1-7d66c7d4c5-97jlk,26,133
1788203248,s2-5f46b67bc6-pswkd,36,118
1788203248,s3-79b96b87f7-8n5lq,15,129
1788203253,gw-nginx-554c75559c-97p9m,3,7
1788203253,s0-7858bb7b56-4c22f,39,134
1788203253,s1-7d66c7d4c5-97jlk,31,133
1788203253,s2-5f46b67bc6-pswkd,35,119
1788203253,s3-79b96b87f7-8n5lq,15,129
1788203258,gw-nginx-554c75559c-97p9m,3,7
1788203258,s0-7858bb7b56-4c22f,39,134
1788203258,s1-7d66c7d4c5-97jlk,31,133
1788203258,s2-5f46b67bc6-pswkd,35,119
1788203258,s3-79b96b87f7-8n5lq,15,129
1788203264,gw-nginx-554c75559c-97p9m,3,7
1788203264,s0-7858bb7b56-4c22f,39,134
1788203264,s1-7d66c7d4c5-97jlk,31,133
1788203264,s2-5f46b67bc6-pswkd,35,119
1788203264,s3-79b96b87f7-8n5lq,15,129
1788203269,gw-nginx-554c75559c-97p9m,2,7
1788203269,s0-7858bb7b56-4c22f,34,135
1788203269,s1-7d66c7d4c5-97jlk,28,134
1788203269,s2-5f46b67bc6-pswkd,34,118
1788203269,s3-79b96b87f7-8n5lq,17,129
1788203274,gw-nginx-554c75559c-97p9m,2,7
1788203274,s0-7858bb7b56-4c22f,34,135
1788203274,s1-7d66c7d4c5-97jlk,28,134
1788203274,s2-5f46b67bc6-pswkd,34,118
1788203274,s3-79b96b87f7-8n5lq,17,129
1788203279,gw-nginx-554c75559c-97p9m,2,7
1788203279,s0-7858bb7b56-4c22f,34,135
1788203279,s1-7d66c7d4c5-97jlk,28,134
1788203279,s2-5f46b67bc6-pswkd,34,118
1788203279,s3-79b96b87f7-8n5lq,17,129
1788203284,gw-nginx-554c75559c-97p9m,2,7
1788203284,s0-7858bb7b56-4c22f,30,135
1788203284,s1-7d66c7d4c5-97jlk,25,134
1788203284,s2-5f46b67bc6-pswkd,43,118
1788203284,s3-79b96b87f7-8n5lq,15,129
1788203289,gw-nginx-554c75559c-97p9m,2,7
1788203289,s0-7858bb7b56-4c22f,30,135
1788203289,s1-7d66c7d4c5-97jlk,25,134
1788203289,s2-5f46b67bc6-pswkd,43,118
1788203289,s3-79b96b87f7-8n5lq,15,129
1788203294,gw-nginx-554c75559c-97p9m,2,7
1788203294,s0-7858bb7b56-4c22f,30,135
1788203294,s1-7d66c7d4c5-97jlk,25,134
1788203294,s2-5f46b67bc6-pswkd,43,118
1788203294,s3-79b96b87f7-8n5lq,15,129
1788203299,gw-nginx-554c75559c-97p9m,3,7
1788203299,s0-7858bb7b56-4c22f,35,135
1788203299,s1-7d66c7d4c5-97jlk,32,134
1788203299,s2-5f46b67bc6-pswkd,39,118
1788203299,s3-79b96b87f7-8n5lq,17,129
1788203304,gw-nginx-554c75559c-97p9m,3,7
1788203304,s0-7858bb7b56-4c22f,35,135
1788203304,s1-7d66c7d4c5-97jlk,32,134
1788203304,s2-5f46b67bc6-pswkd,39,118
1788203304,s3-79b96b87f7-8n5lq,17,129
1788203309,gw-nginx-554c75559c-97p9m,3,7
1788203309,s0-7858bb7b56-4c22f,35,135
1788203309,s1-7d66c7d4c5-97jlk,32,134
1788203309,s2-5f46b67bc6-pswkd,39,118
1788203309,s3-79b96b87f7-8n5lq,17,129
1788203314,gw-nginx-554c75559c-97p9m,3,6
1788203314,s0-7858bb7b56-4c22f,38,134
1788203314,s1-7d66c7d4c5-97jlk,29,134
1788203314,s2-5f46b67bc6-pswkd,51,119
1788203314,s3-79b96b87f7-8n5lq,17,129
1788203319,gw-nginx-554c75559c-97p9m,3,6
1788203319,s0-7858bb7b56-4c22f,38,134
1788203319,s1-7d66c7d4c5-97jlk,29,134
1788203319,s2-5f46b67bc6-pswkd,51,119
1788203319,s3-79b96b87f7-8n5lq,17,129
1788203324,gw-nginx-554c75559c-97p9m,3,6
1788203324,s0-7858bb7b56-4c22f,38,134
1788203324,s1-7d66c7d4c5-97jlk,29,134
1788203324,s2-5f46b67bc6-pswkd,51,119
1788203324,s3-79b96b87f7-8n5lq,17,129
1788203329,gw-nginx-554c75559c-97p9m,3,7
1788203329,s0-7858bb7b56-4c22f,38,134
1788203329,s1-7d66c7d4c5-97jlk,34,134
1788203329,s2-5f46b67bc6-pswkd,39,119
1788203329,s3-79b96b87f7-8n5lq,16,130
1788203334,gw-nginx-554c75559c-97p9m,3,7
1788203334,s0-7858bb7b56-4c22f,38,134
1788203334,s1-7d66c7d4c5-97jlk,34,134
1788203334,s2-5f46b67bc6-pswkd,39,119
1788203334,s3-79b96b87f7-8n5lq,16,130
1788203339,gw-nginx-554c75559c-97p9m,3,7
1788203339,s0-7858bb7b56-4c22f,38,134
1788203339,s1-7d66c7d4c5-97jlk,34,134
1788203339,s2-5f46b67bc6-pswkd,39,119
1788203339,s3-79b96b87f7-8n5lq,16,130
1788203344,gw-nginx-554c75559c-97p9m,3,7
1788203344,s0-7858bb7b56-4c22f,44,135
1788203344,s1-7d66c7d4c5-97jlk,36,135
1788203344,s2-5f46b67bc6-pswkd,72,118
1788203344,s3-79b96b87f7-8n5lq,20,130
1788203349,gw-nginx-554c75559c-97p9m,3,7
1788203349,s0-7858bb7b56-4c22f,44,135
1788203349,s1-7d66c7d4c5-97jlk,36,135
1788203349,s2-5f46b67bc6-pswkd,72,118
1788203349,s3-79b96b87f7-8n5lq,20,130
1788203354,gw-nginx-554c75559c-97p9m,3,7
1788203354,s0-7858bb7b56-4c22f,44,135
1788203354,s1-7d66c7d4c5-97jlk,36,135
1788203354,s2-5f46b67bc6-pswkd,72,118
1788203354,s3-79b96b87f7-8n5lq,20,130
1788203359,gw-nginx-554c75559c-97p9m,3,7
1788203359,s0-7858bb7b56-4c22f,43,135
1788203359,s1-7d66c7d4c5-97jlk,35,135
1788203359,s2-5f46b67bc6-pswkd,68,119
1788203359,s3-79b96b87f7-8n5lq,21,130
1788203364,gw-nginx-554c75559c-97p9m,3,7
1788203364,s0-7858bb7b56-4c22f,43,135
1788203364,s1-7d66c7d4c5-97jlk,35,135
1788203364,s2-5f46b67bc6-pswkd,68,119
1788203364,s3-79b96b87f7-8n5lq,21,130
1788203369,gw-nginx-554c75559c-97p9m,3,7
1788203369,s0-7858bb7b56-4c22f,43,135
1788203369,s1-7d66c7d4c5-97jlk,35,135
1788203369,s2-5f46b67bc6-pswkd,68,119
1788203369,s3-79b96b87f7-8n5lq,21,130
1788203374,gw-nginx-554c75559c-97p9m,3,7
1788203374,s0-7858bb7b56-4c22f,41,136
1788203374,s1-7d66c7d4c5-97jlk,38,135
1788203374,s2-5f46b67bc6-pswkd,64,119
1788203374,s3-79b96b87f7-8n5lq,19,130
1788203380,gw-nginx-554c75559c-97p9m,3,7
1788203380,s0-7858bb7b56-4c22f,41,136
1788203380,s1-7d66c7d4c5-97jlk,38,135
1788203380,s2-5f46b67bc6-pswkd,64,119
1788203380,s3-79b96b87f7-8n5lq,19,130
1788203385,gw-nginx-554c75559c-97p9m,3,7
1788203385,s0-7858bb7b56-4c22f,41,136
1788203385,s1-7d66c7d4c5-97jlk,38,135
1788203385,s2-5f46b67bc6-pswkd,64,119
1788203385,s3-79b96b87f7-8n5lq,19,130
1788203390,gw-nginx-554c75559c-97p9m,3,7
1788203390,s0-7858bb7b56-4c22f,40,136
1788203390,s1-7d66c7d4c5-97jlk,29,135
1788203390,s2-5f46b67bc6-pswkd,43,118
1788203390,s3-79b96b87f7-8n5lq,18,130
1788203395,gw-nginx-554c75559c-97p9m,3,7
1788203395,s0-7858bb7b56-4c22f,40,136
1788203395,s1-7d66c7d4c5-97jlk,29,135
1788203395,s2-5f46b67bc6-pswkd,43,118
1788203395,s3-79b96b87f7-8n5lq,18,130
1788203400,gw-nginx-554c75559c-97p9m,3,7
1788203400,s0-7858bb7b56-4c22f,40,136
1788203400,s1-7d66c7d4c5-97jlk,29,135
1788203400,s2-5f46b67bc6-pswkd,43,118
1788203400,s3-79b96b87f7-8n5lq,18,130
1788203405,gw-nginx-554c75559c-97p9m,3,6
1788203405,s0-7858bb7b56-4c22f,37,136
1788203405,s1-7d66c7d4c5-97jlk,30,135
1788203405,s2-5f46b67bc6-pswkd,48,119
1788203405,s3-79b96b87f7-8n5lq,18,130
1788203410,gw-nginx-554c75559c-97p9m,3,6
1788203410,s0-7858bb7b56-4c22f,37,136
1788203410,s1-7d66c7d4c5-97jlk,30,135
1788203410,s2-5f46b67bc6-pswkd,48,119
1788203410,s3-79b96b87f7-8n5lq,18,130
1788203415,gw-nginx-554c75559c-97p9m,3,6
1788203415,s0-7858bb7b56-4c22f,37,136
1788203415,s1-7d66c7d4c5-97jlk,30,135
1788203415,s2-5f46b67bc6-pswkd,48,119
1788203415,s3-79b96b87f7-8n5lq,18,130
1788203420,gw-nginx-554c75559c-97p9m,3,7
1788203420,s0-7858bb7b56-4c22f,45,135
1788203420,s1-7d66c7d4c5-97jlk,39,135
1788203420,s2-5f46b67bc6-pswkd,72,119
1788203420,s3-79b96b87f7-8n5lq,20,131
1788203425,gw-nginx-554c75559c-97p9m,3,7
1788203425,s0-7858bb7b56-4c22f,45,135
1788203425,s1-7d66c7d4c5-97jlk,39,135
1788203425,s2-5f46b67bc6-pswkd,72,119
1788203425,s3-79b96b87f7-8n5lq,20,131
1788203430,gw-nginx-554c75559c-97p9m,3,7
1788203430,s0-7858bb7b56-4c22f,45,135
1788203430,s1-7d66c7d4c5-97jlk,39,135
1788203430,s2-5f46b67bc6-pswkd,72,119
1788203430,s3-79b96b87f7-8n5lq,20,131
1788203435,gw-nginx-554c75559c-97p9m,3,7
1788203435,s0-7858bb7b56-4c22f,39,136
1788203435,s1-7d66c7d4c5-97jlk,32,136
1788203435,s2-5f46b67bc6-pswkd,55,119
1788203435,s3-79b96b87f7-8n5lq,20,131
1788203440,gw-nginx-554c75559c-97p9m,3,7
1788203440,s0-7858bb7b56-4c22f,39,136
1788203440,s1-7d66c7d4c5-97jlk,32,136
1788203440,s2-5f46b67bc6-pswkd,55,119
1788203440,s3-79b96b87f7-8n5lq,20,131
1788203445,gw-nginx-554c75559c-97p9m,3,7
1788203445,s0-7858bb7b56-4c22f,39,136
1788203445,s1-7d66c7d4c5-97jlk,32,136
1788203445,s2-5f46b67bc6-pswkd,55,119
1788203445,s3-79b96b87f7-8n5lq,20,131
1788203450,gw-nginx-554c75559c-97p9m,3,7
1788203450,s0-7858bb7b56-4c22f,42,135
1788203450,s1-7d66c7d4c5-97jlk,36,135
1788203450,s2-5f46b67bc6-pswkd,75,119
1788203450,s3-79b96b87f7-8n5lq,20,130
1788203455,gw-nginx-554c75559c-97p9m,3,7
1788203455,s0-7858bb7b56-4c22f,42,135
1788203455,s1-7d66c7d4c5-97jlk,36,135
1788203455,s2-5f46b67bc6-pswkd,75,119
1788203455,s3-79b96b87f7-8n5lq,20,130
1788203460,gw-nginx-554c75559c-97p9m,3,7
1788203460,s0-7858bb7b56-4c22f,42,135
1788203460,s1-7d66c7d4c5-97jlk,36,135
1788203460,s2-5f46b67bc6-pswkd,75,119
1788203460,s3-79b96b87f7-8n5lq,20,130
1788203465,gw-nginx-554c75559c-97p9m,2,7
1788203465,s0-7858bb7b56-4c22f,40,136
1788203465,s1-7d66c7d4c5-97jlk,26,135
1788203465,s2-5f46b67bc6-pswkd,46,119
1788203465,s3-79b96b87f7-8n5lq,19,131
1788203470,gw-nginx-554c75559c-97p9m,2,7
1788203470,s0-7858bb7b56-4c22f,40,136
1788203470,s1-7d66c7d4c5-97jlk,26,135
1788203470,s2-5f46b67bc6-pswkd,46,119
1788203470,s3-79b96b87f7-8n5lq,19,131
1788203475,gw-nginx-554c75559c-97p9m,2,7
1788203475,s0-7858bb7b56-4c22f,40,136
1788203475,s1-7d66c7d4c5-97jlk,26,135
1788203475,s2-5f46b67bc6-pswkd,46,119
1788203475,s3-79b96b87f7-8n5lq,19,131
1788203480,gw-nginx-554c75559c-97p9m,3,7
1788203480,s0-7858bb7b56-4c22f,38,135
1788203480,s1-7d66c7d4c5-97jlk,32,136
1788203480,s2-5f46b67bc6-pswkd,46,119
1788203480,s3-79b96b87f7-8n5lq,18,131
1788203485,gw-nginx-554c75559c-97p9m,3,7
1788203485,s0-7858bb7b56-4c22f,38,135
1788203485,s1-7d66c7d4c5-97jlk,32,136
1788203485,s2-5f46b67bc6-pswkd,46,119
1788203485,s3-79b96b87f7-8n5lq,18,131
1788203490,gw-nginx-554c75559c-97p9m,3,7
1788203490,s0-7858bb7b56-4c22f,38,135
1788203490,s1-7d66c7d4c5-97jlk,32,136
1788203490,s2-5f46b67bc6-pswkd,46,119
1788203490,s3-79b96b87f7-8n5lq,18,131
1788203496,gw-nginx-554c75559c-97p9m,3,7
1788203496,s0-7858bb7b56-4c22f,36,136
1788203496,s1-7d66c7d4c5-97jlk,31,136
1788203496,s2-5f46b67bc6-pswkd,46,119
1788203496,s3-79b96b87f7-8n5lq,16,131
1788203501,gw-nginx-554c75559c-97p9m,3,7
1788203501,s0-7858bb7b56-4c22f,36,136
1788203501,s1-7d66c7d4c5-97jlk,31,136
1788203501,s2-5f46b67bc6-pswkd,46,119
1788203501,s3-79b96b87f7-8n5lq,16,131
1788203506,gw-nginx-554c75559c-97p9m,3,7
1788203506,s0-7858bb7b56-4c22f,36,136
1788203506,s1-7d66c7d4c5-97jlk,31,136
1788203506,s2-5f46b67bc6-pswkd,46,119
1788203506,s3-79b96b87f7-8n5lq,16,131
1788203511,gw-nginx-554c75559c-97p9m,3,6
1788203511,s0-7858bb7b56-4c22f,39,136
1788203511,s1-7d66c7d4c5-97jlk,34,135
1788203511,s2-5f46b67bc6-pswkd,41,120
1788203511,s3-79b96b87f7-8n5lq,19,132
1788203516,gw-nginx-554c75559c-97p9m,3,6
1788203516,s0-7858bb7b56-4c22f,39,136
1788203516,s1-7d66c7d4c5-97jlk,34,135
1788203516,s2-5f46b67bc6-pswkd,41,120
1788203516,s3-79b96b87f7-8n5lq,19,132
1788203521,gw-nginx-554c75559c-97p9m,3,6
1788203521,s0-7858bb7b56-4c22f,39,136
1788203521,s1-7d66c7d4c5-97jlk,34,135
1788203521,s2-5f46b67bc6-pswkd,41,120
1788203521,s3-79b96b87f7-8n5lq,19,132
1788203526,gw-nginx-554c75559c-97p9m,3,7
1788203526,s0-7858bb7b56-4c22f,38,136
1788203526,s1-7d66c7d4c5-97jlk,25,135
1788203526,s2-5f46b67bc6-pswkd,40,120
1788203526,s3-79b96b87f7-8n5lq,16,132
1788203531,gw-nginx-554c75559c-97p9m,3,7
1788203531,s0-7858bb7b56-4c22f,38,136
1788203531,s1-7d66c7d4c5-97jlk,25,135
1788203531,s2-5f46b67bc6-pswkd,40,120
1788203531,s3-79b96b87f7-8n5lq,16,132
1788203536,gw-nginx-554c75559c-97p9m,3,7
1788203536,s0-7858bb7b56-4c22f,38,136
1788203536,s1-7d66c7d4c5-97jlk,25,135
1788203536,s2-5f46b67bc6-pswkd,40,120
1788203536,s3-79b96b87f7-8n5lq,16,132
1788203541,gw-nginx-554c75559c-97p9m,3,7
1788203541,s0-7858bb7b56-4c22f,35,137
1788203541,s1-7d66c7d4c5-97jlk,32,135
1788203541,s2-5f46b67bc6-pswkd,34,119
1788203541,s3-79b96b87f7-8n5lq,16,132
1788203546,gw-nginx-554c75559c-97p9m,3,7
1788203546,s0-7858bb7b56-4c22f,35,137
1788203546,s1-7d66c7d4c5-97jlk,32,135
1788203546,s2-5f46b67bc6-pswkd,34,119
1788203546,s3-79b96b87f7-8n5lq,16,132
1788203551,gw-nginx-554c75559c-97p9m,3,7
1788203551,s0-7858bb7b56-4c22f,35,137
1788203551,s1-7d66c7d4c5-97jlk,32,135
1788203551,s2-5f46b67bc6-pswkd,34,119
1788203551,s3-79b96b87f7-8n5lq,16,132
1788203556,gw-nginx-554c75559c-97p9m,2,7
1788203556,s0-7858bb7b56-4c22f,38,136
1788203556,s1-7d66c7d4c5-97jlk,29,135
1788203556,s2-5f46b67bc6-pswkd,39,119
1788203556,s3-79b96b87f7-8n5lq,18,132
1788203561,gw-nginx-554c75559c-97p9m,2,7
1788203561,s0-7858bb7b56-4c22f,38,136
1788203561,s1-7d66c7d4c5-97jlk,29,135
1788203561,s2-5f46b67bc6-pswkd,39,119
1788203561,s3-79b96b87f7-8n5lq,18,132
1788203566,gw-nginx-554c75559c-97p9m,2,7
1788203566,s0-7858bb7b56-4c22f,38,136
1788203566,s1-7d66c7d4c5-97jlk,29,135
1788203566,s2-5f46b67bc6-pswkd,39,119
1788203566,s3-79b96b87f7-8n5lq,18,132
1788203571,gw-nginx-554c75559c-97p9m,3,7
1788203571,s0-7858bb7b56-4c22f,47,136
1788203571,s1-7d66c7d4c5-97jlk,38,136
1788203571,s2-5f46b67bc6-pswkd,54,119
1788203571,s3-79b96b87f7-8n5lq,22,132
1788203576,gw-nginx-554c75559c-97p9m,3,7
1788203576,s0-7858bb7b56-4c22f,47,136
1788203576,s1-7d66c7d4c5-97jlk,38,136
1788203576,s2-5f46b67bc6-pswkd,54,119
1788203576,s3-79b96b87f7-8n5lq,22,132
1788203581,gw-nginx-554c75559c-97p9m,3,7
1788203581,s0-7858bb7b56-4c22f,47,136
1788203581,s1-7d66c7d4c5-97jlk,38,136
1788203581,s2-5f46b67bc6-pswkd,54,119
1788203581,s3-79b96b87f7-8n5lq,22,132
1788203586,gw-nginx-554c75559c-97p9m,3,7
1788203586,s0-7858bb7b56-4c22f,35,137
1788203586,s1-7d66c7d4c5-97jlk,29,136
1788203586,s2-5f46b67bc6-pswkd,50,120
1788203586,s3-79b96b87f7-8n5lq,16,131
1788203591,gw-nginx-554c75559c-97p9m,3,7
1788203591,s0-7858bb7b56-4c22f,35,137
1788203591,s1-7d66c7d4c5-97jlk,29,136
1788203591,s2-5f46b67bc6-pswkd,50,120
1788203591,s3-79b96b87f7-8n5lq,16,131
1788203596,gw-nginx-554c75559c-97p9m,3,7
1788203596,s0-7858bb7b56-4c22f,35,137
1788203596,s1-7d66c7d4c5-97jlk,29,136
1788203596,s2-5f46b67bc6-pswkd,50,120
1788203596,s3-79b96b87f7-8n5lq,16,131
1788203601,gw-nginx-554c75559c-97p9m,2,6
1788203601,s0-7858bb7b56-4c22f,34,138
1788203601,s1-7d66c7d4c5-97jlk,32,137
1788203601,s2-5f46b67bc6-pswkd,41,119
1788203601,s3-79b96b87f7-8n5lq,16,131
1788203606,gw-nginx-554c75559c-97p9m,2,6
1788203606,s0-7858bb7b56-4c22f,34,138
1788203606,s1-7d66c7d4c5-97jlk,32,137
1788203606,s2-5f46b67bc6-pswkd,41,119
1788203606,s3-79b96b87f7-8n5lq,16,131
1788203612,gw-nginx-554c75559c-97p9m,2,6
1788203612,s0-7858bb7b56-4c22f,34,138
1788203612,s1-7d66c7d4c5-97jlk,32,137
1788203612,s2-5f46b67bc6-pswkd,41,119
1788203612,s3-79b96b87f7-8n5lq,16,131
1788203617,gw-nginx-554c75559c-97p9m,3,7
1788203617,s0-7858bb7b56-4c22f,44,137
1788203617,s1-7d66c7d4c5-97jlk,34,136
1788203617,s2-5f46b67bc6-pswkd,70,119
1788203617,s3-79b96b87f7-8n5lq,19,132
1788203622,gw-nginx-554c75559c-97p9m,3,7
1788203622,s0-7858bb7b56-4c22f,44,137
1788203622,s1-7d66c7d4c5-97jlk,34,136
1788203622,s2-5f46b67bc6-pswkd,70,119
1788203622,s3-79b96b87f7-8n5lq,19,132
1788203627,gw-nginx-554c75559c-97p9m,3,7
1788203627,s0-7858bb7b56-4c22f,44,137
1788203627,s1-7d66c7d4c5-97jlk,34,136
1788203627,s2-5f46b67bc6-pswkd,70,119
1788203627,s3-79b96b87f7-8n5lq,19,132
1788203632,gw-nginx-554c75559c-97p9m,3,7
1788203632,s0-7858bb7b56-4c22f,50,137
1788203632,s1-7d66c7d4c5-97jlk,42,136
1788203632,s2-5f46b67bc6-pswkd,46,119
1788203632,s3-79b96b87f7-8n5lq,21,132
1788203637,gw-nginx-554c75559c-97p9m,3,7
1788203637,s0-7858bb7b56-4c22f,50,137
1788203637,s1-7d66c7d4c5-97jlk,42,136
1788203637,s2-5f46b67bc6-pswkd,46,119
1788203637,s3-79b96b87f7-8n5lq,21,132
1788203642,gw-nginx-554c75559c-97p9m,3,7
1788203642,s0-7858bb7b56-4c22f,50,137
1788203642,s1-7d66c7d4c5-97jlk,42,136
1788203642,s2-5f46b67bc6-pswkd,46,119
1788203642,s3-79b96b87f7-8n5lq,21,132
1788203647,gw-nginx-554c75559c-97p9m,3,7
1788203647,s0-7858bb7b56-4c22f,42,137
1788203647,s1-7d66c7d4c5-97jlk,33,136
1788203647,s2-5f46b67bc6-pswkd,63,120
1788203647,s3-79b96b87f7-8n5lq,20,132
1788203652,gw-nginx-554c75559c-97p9m,3,7
1788203652,s0-7858bb7b56-4c22f,42,137
1788203652,s1-7d66c7d4c5-97jlk,33,136
1788203652,s2-5f46b67bc6-pswkd,63,120
1788203652,s3-79b96b87f7-8n5lq,20,132
1788203657,gw-nginx-554c75559c-97p9m,3,7
1788203657,s0-7858bb7b56-4c22f,42,137
1788203657,s1-7d66c7d4c5-97jlk,33,136
1788203657,s2-5f46b67bc6-pswkd,63,120
1788203657,s3-79b96b87f7-8n5lq,20,132
1788203662,gw-nginx-554c75559c-97p9m,3,7
1788203662,s0-7858bb7b56-4c22f,44,137
1788203662,s1-7d66c7d4c5-97jlk,34,136
1788203662,s2-5f46b67bc6-pswkd,47,120
1788203662,s3-79b96b87f7-8n5lq,17,132
1788203667,gw-nginx-554c75559c-97p9m,3,7
1788203667,s0-7858bb7b56-4c22f,44,137
1788203667,s1-7d66c7d4c5-97jlk,34,136
1788203667,s2-5f46b67bc6-pswkd,47,120
1788203667,s3-79b96b87f7-8n5lq,17,132
1788203672,gw-nginx-554c75559c-97p9m,3,7
1788203672,s0-7858bb7b56-4c22f,44,137
1788203672,s1-7d66c7d4c5-97jlk,34,136
1788203672,s2-5f46b67bc6-pswkd,47,120
1788203672,s3-79b96b87f7-8n5lq,17,132
1788203677,gw-nginx-554c75559c-97p9m,3,7
1788203677,s0-7858bb7b56-4c22f,40,138
1788203677,s1-7d66c7d4c5-97jlk,35,136
1788203677,s2-5f46b67bc6-pswkd,66,120
1788203677,s3-79b96b87f7-8n5lq,23,132
1788203682,gw-nginx-554c75559c-97p9m,3,7
1788203682,s0-7858bb7b56-4c22f,40,138
1788203682,s1-7d66c7d4c5-97jlk,35,136
1788203682,s2-5f46b67bc6-pswkd,66,120
1788203682,s3-79b96b87f7-8n5lq,23,132
1788203687,gw-nginx-554c75559c-97p9m,3,7
1788203687,s0-7858bb7b56-4c22f,40,138
1788203687,s1-7d66c7d4c5-97jlk,35,136
1788203687,s2-5f46b67bc6-pswkd,66,120
1788203687,s3-79b96b87f7-8n5lq,23,132
1788203692,gw-nginx-554c75559c-97p9m,3,7
1788203692,s0-7858bb7b56-4c22f,42,137
1788203692,s1-7d66c7d4c5-97jlk,35,137
1788203692,s2-5f46b67bc6-pswkd,47,120
1788203692,s3-79b96b87f7-8n5lq,21,132
1788203697,gw-nginx-554c75559c-97p9m,3,7
1788203697,s0-7858bb7b56-4c22f,42,137
1788203697,s1-7d66c7d4c5-97jlk,35,137
1788203697,s2-5f46b67bc6-pswkd,47,120
1788203697,s3-79b96b87f7-8n5lq,21,132
1788203702,gw-nginx-554c75559c-97p9m,3,7
1788203702,s0-7858bb7b56-4c22f,42,137
1788203702,s1-7d66c7d4c5-97jlk,35,137
1788203702,s2-5f46b67bc6-pswkd,47,120
1788203702,s3-79b96b87f7-8n5lq,21,132
1788203707,gw-nginx-554c75559c-97p9m,3,7
1788203707,s0-7858bb7b56-4c22f,43,138
1788203707,s1-7d66c7d4c5-97jlk,39,137
1788203707,s2-5f46b67bc6-pswkd,49,119
1788203707,s3-79b96b87f7-8n5lq,19,132
1788203712,gw-nginx-554c75559c-97p9m,3,7
1788203712,s0-7858bb7b56-4c22f,43,138
1788203712,s1-7d66c7d4c5-97jlk,39,137
1788203712,s2-5f46b67bc6-pswkd,49,119
1788203712,s3-79b96b87f7-8n5lq,19,132
1788203717,gw-nginx-554c75559c-97p9m,3,7
1788203717,s0-7858bb7b56-4c22f,43,138
1788203717,s1-7d66c7d4c5-97jlk,39,137
1788203717,s2-5f46b67bc6-pswkd,49,119
1788203717,s3-79b96b87f7-8n5lq,19,132
1788203722,gw-nginx-554c75559c-97p9m,3,7
1788203722,s0-7858bb7b56-4c22f,54,137
1788203722,s1-7d66c7d4c5-97jlk,38,137
1788203722,s2-5f46b67bc6-pswkd,58,120
1788203722,s3-79b96b87f7-8n5lq,20,132
1788203728,gw-nginx-554c75559c-97p9m,3,7
1788203728,s0-7858bb7b56-4c22f,54,137
1788203728,s1-7d66c7d4c5-97jlk,38,137
1788203728,s2-5f46b67bc6-pswkd,58,120
1788203728,s3-79b96b87f7-8n5lq,20,132
1788203733,gw-nginx-554c75559c-97p9m,3,7
1788203733,s0-7858bb7b56-4c22f,54,137
1788203733,s1-7d66c7d4c5-97jlk,38,137
1788203733,s2-5f46b67bc6-pswkd,58,120
1788203733,s3-79b96b87f7-8n5lq,20,132
1788203738,gw-nginx-554c75559c-97p9m,3,7
1788203738,s0-7858bb7b56-4c22f,42,138
1788203738,s1-7d66c7d4c5-97jlk,37,137
1788203738,s2-5f46b67bc6-pswkd,58,120
1788203738,s3-79b96b87f7-8n5lq,21,133
1788203743,gw-nginx-554c75559c-97p9m,3,7
1788203743,s0-7858bb7b56-4c22f,42,138
1788203743,s1-7d66c7d4c5-97jlk,37,137
1788203743,s2-5f46b67bc6-pswkd,58,120
1788203743,s3-79b96b87f7-8n5lq,21,133
1788203748,gw-nginx-554c75559c-97p9m,3,7
1788203748,s0-7858bb7b56-4c22f,42,138
1788203748,s1-7d66c7d4c5-97jlk,37,137
1788203748,s2-5f46b67bc6-pswkd,58,120
1788203748,s3-79b96b87f7-8n5lq,21,133
1788203753,gw-nginx-554c75559c-97p9m,3,7
1788203753,s0-7858bb7b56-4c22f,48,137
1788203753,s1-7d66c7d4c5-97jlk,41,137
1788203753,s2-5f46b67bc6-pswkd,52,119
1788203753,s3-79b96b87f7-8n5lq,21,132
1788203758,gw-nginx-554c75559c-97p9m,3,7
1788203758,s0-7858bb7b56-4c22f,48,137
1788203758,s1-7d66c7d4c5-97jlk,41,137
1788203758,s2-5f46b67bc6-pswkd,52,119
1788203758,s3-79b96b87f7-8n5lq,21,132
1788203763,gw-nginx-554c75559c-97p9m,3,7
1788203763,s0-7858bb7b56-4c22f,48,137
1788203763,s1-7d66c7d4c5-97jlk,41,137
1788203763,s2-5f46b67bc6-pswkd,52,119
1788203763,s3-79b96b87f7-8n5lq,21,132
1788203768,gw-nginx-554c75559c-97p9m,3,7
1788203768,s0-7858bb7b56-4c22f,43,137
1788203768,s1-7d66c7d4c5-97jlk,34,137
1788203768,s2-5f46b67bc6-pswkd,48,119
1788203768,s3-79b96b87f7-8n5lq,20,132
1788203773,gw-nginx-554c75559c-97p9m,3,7
1788203773,s0-7858bb7b56-4c22f,43,137
1788203773,s1-7d66c7d4c5-97jlk,34,137
1788203773,s2-5f46b67bc6-pswkd,48,119
1788203773,s3-79b96b87f7-8n5lq,20,132
1788203778,gw-nginx-554c75559c-97p9m,3,7
1788203778,s0-7858bb7b56-4c22f,43,137
1788203778,s1-7d66c7d4c5-97jlk,34,137
1788203778,s2-5f46b67bc6-pswkd,48,119
1788203778,s3-79b96b87f7-8n5lq,20,132
1788203783,gw-nginx-554c75559c-97p9m,3,7
1788203783,s0-7858bb7b56-4c22f,37,137
1788203783,s1-7d66c7d4c5-97jlk,34,137
1788203783,s2-5f46b67bc6-pswkd,56,119
1788203783,s3-79b96b87f7-8n5lq,19,132
1788203788,gw-nginx-554c75559c-97p9m,3,7
1788203788,s0-7858bb7b56-4c22f,37,137
1788203788,s1-7d66c7d4c5-97jlk,34,137
1788203788,s2-5f46b67bc6-pswkd,56,119
1788203788,s3-79b96b87f7-8n5lq,19,132
1788203793,gw-nginx-554c75559c-97p9m,3,7
1788203793,s0-7858bb7b56-4c22f,46,138
1788203793,s1-7d66c7d4c5-97jlk,34,137
1788203793,s2-5f46b67bc6-pswkd,49,119
1788203793,s3-79b96b87f7-8n5lq,20,133
1788203798,gw-nginx-554c75559c-97p9m,3,7
1788203798,s0-7858bb7b56-4c22f,46,138
1788203798,s1-7d66c7d4c5-97jlk,34,137
1788203798,s2-5f46b67bc6-pswkd,49,119
1788203798,s3-79b96b87f7-8n5lq,20,133
1788203803,gw-nginx-554c75559c-97p9m,3,7
1788203803,s0-7858bb7b56-4c22f,46,138
1788203803,s1-7d66c7d4c5-97jlk,34,137
1788203803,s2-5f46b67bc6-pswkd,49,119
1788203803,s3-79b96b87f7-8n5lq,20,133
1788203808,gw-nginx-554c75559c-97p9m,3,7
1788203808,s0-7858bb7b56-4c22f,40,138
1788203808,s1-7d66c7d4c5-97jlk,37,137
1788203808,s2-5f46b67bc6-pswkd,46,119
1788203808,s3-79b96b87f7-8n5lq,19,133
1788203813,gw-nginx-554c75559c-97p9m,3,7
1788203813,s0-7858bb7b56-4c22f,40,138
1788203813,s1-7d66c7d4c5-97jlk,37,137
1788203813,s2-5f46b67bc6-pswkd,46,119
1788203813,s3-79b96b87f7-8n5lq,19,133
1788203818,gw-nginx-554c75559c-97p9m,3,7
1788203818,s0-7858bb7b56-4c22f,40,138
1788203818,s1-7d66c7d4c5-97jlk,37,137
1788203818,s2-5f46b67bc6-pswkd,46,119
1788203818,s3-79b96b87f7-8n5lq,19,133
1788203823,gw-nginx-554c75559c-97p9m,3,7
1788203823,s0-7858bb7b56-4c22f,48,137
1788203823,s1-7d66c7d4c5-97jlk,31,137
1788203823,s2-5f46b67bc6-pswkd,48,120
1788203823,s3-79b96b87f7-8n5lq,16,132
1788203828,gw-nginx-554c75559c-97p9m,3,7
1788203828,s0-7858bb7b56-4c22f,48,137
1788203828,s1-7d66c7d4c5-97jlk,31,137
1788203828,s2-5f46b67bc6-pswkd,48,120
1788203828,s3-79b96b87f7-8n5lq,16,132
1788203833,gw-nginx-554c75559c-97p9m,3,7
1788203833,s0-7858bb7b56-4c22f,48,137
1788203833,s1-7d66c7d4c5-97jlk,31,137
1788203833,s2-5f46b67bc6-pswkd,48,120
1788203833,s3-79b96b87f7-8n5lq,16,132
1788203838,gw-nginx-554c75559c-97p9m,2,6
1788203838,s0-7858bb7b56-4c22f,38,138
1788203838,s1-7d66c7d4c5-97jlk,28,137
1788203838,s2-5f46b67bc6-pswkd,50,119
1788203838,s3-79b96b87f7-8n5lq,16,132
1788203844,gw-nginx-554c75559c-97p9m,2,6
1788203844,s0-7858bb7b56-4c22f,38,138
1788203844,s1-7d66c7d4c5-97jlk,28,137
1788203844,s2-5f46b67bc6-pswkd,50,119
1788203844,s3-79b96b87f7-8n5lq,16,132
1788203849,gw-nginx-554c75559c-97p9m,2,6
1788203849,s0-7858bb7b56-4c22f,38,138
1788203849,s1-7d66c7d4c5-97jlk,28,137
1788203849,s2-5f46b67bc6-pswkd,50,119
1788203849,s3-79b96b87f7-8n5lq,16,132
1788203854,gw-nginx-554c75559c-97p9m,2,7
1788203854,s0-7858bb7b56-4c22f,33,138
1788203854,s1-7d66c7d4c5-97jlk,31,138
1788203854,s2-5f46b67bc6-pswkd,33,120
1788203854,s3-79b96b87f7-8n5lq,17,132
1788203859,gw-nginx-554c75559c-97p9m,2,7
1788203859,s0-7858bb7b56-4c22f,33,138
1788203859,s1-7d66c7d4c5-97jlk,31,138
1788203859,s2-5f46b67bc6-pswkd,33,120
1788203859,s3-79b96b87f7-8n5lq,17,132
1788203864,gw-nginx-554c75559c-97p9m,2,7
1788203864,s0-7858bb7b56-4c22f,33,138
1788203864,s1-7d66c7d4c5-97jlk,31,138
1788203864,s2-5f46b67bc6-pswkd,33,120
1788203864,s3-79b96b87f7-8n5lq,17,132
1788203869,gw-nginx-554c75559c-97p9m,3,7
1788203869,s0-7858bb7b56-4c22f,40,138
1788203869,s1-7d66c7d4c5-97jlk,30,137
1788203869,s2-5f46b67bc6-pswkd,42,119
1788203869,s3-79b96b87f7-8n5lq,18,132
1788203874,gw-nginx-554c75559c-97p9m,3,7
1788203874,s0-7858bb7b56-4c22f,40,138
1788203874,s1-7d66c7d4c5-97jlk,30,137
1788203874,s2-5f46b67bc6-pswkd,42,119
1788203874,s3-79b96b87f7-8n5lq,18,132
